"SampleID","Subsite","DepthSection","EcoCont","Core","cluster","sampleNum","hi1","hi2","hi3","hi4","holocellulose_content_2","holocellulose_content_2_error","klason_lignin_content_2","klason_lignin_content_2_error","carbon_content_1","carbon_content_1_error","nitrogen_content_1","nitrogen_content_1_error","hydrogen_content_1","hydrogen_content_1_error","oxygen_content_1","oxygen_content_1_error","phosphorus_content_1","phosphorus_content_1_error","sulfur_content_1","sulfur_content_1_error","d13C_1","d13C_1_error","d15N_1","d15N_1_error","bulk_density_1","bulk_density_1_error","O_to_C_1","O_to_C_1_error","C_to_N_1","C_to_N_1_error","H_to_C_1","H_to_C_1_error","macroporosity_1","macroporosity_1_error","degree_of_decomposition_1","degree_of_decomposition_1_error","degree_of_decomposition_2","degree_of_decomposition_2_error","degree_of_decomposition_3","degree_of_decomposition_3_error"
"AP1_0-20","Palsa",1,"Ecological","AP1","3","S1",0.512379502088971,0.279404146813106,0.719634648636308,0.56813393435641,0.2,0.087,0.38,0.12,0.47,0.033,0.0085,0.002,0.058,0.0056,0.42,0.025,0.00027,9.5e-05,0.0017,0.00102,-27,1.3,-2.76,2,0.069,0.031,0.88,0.066,61,14.1,0.12,0.0059,0.44,0.18,0.0053,0.014,0.0125,0.018,0.022,0.043
"AP1_100-120","Palsa",5,"Ecological","AP1","5","S5",0.851822611449539,0.808142317454331,1.33656808288609,0.904430721976551,0.12,0.06,0.43,0.114,0.51,0.033,0.026,0.003,0.058,0.0059,0.34,0.023,0.00051,0.000137,0.004,0.00153,-26,1.2,-0.88,1.7,0.116,0.043,0.68,0.044,19,6.6,0.12,0.0051,0.29,0.14,0.5023,0.204,0.7755,0.188,0.907,0.142
"AP1_20-40","Palsa",2,"Ecological","AP1","3","S2",0.488345763448699,0.293807840831275,0.647466401226355,0.606621063871649,0.2,0.096,0.37,0.133,0.47,0.033,0.0095,0.0019,0.058,0.0055,0.42,0.021,3e-04,9.8e-05,0.0019,0.001,-25,1.2,-1.84,1.8,0.047,0.018,0.89,0.057,54,11.2,0.12,0.0052,0.57,0.16,0.0516,0.048,0.0277,0.035,0.08,0.105
"AP1_50-69","Palsa",3,"Ecological","AP1","4","S3",0.614917624866836,0.540429250001928,0.979977036577262,0.825685425829367,0.12,0.067,0.39,0.132,0.51,0.034,0.024,0.003,0.056,0.0058,0.32,0.024,0.00037,0.000119,0.0047,0.00173,-26,1.2,-0.49,1.8,0.123,0.046,0.66,0.041,21,6.8,0.12,0.005,0.27,0.13,0.5893,0.211,0.6342,0.263,0.904,0.146
"AP1_80-100","Palsa",4,"Ecological","AP1","5","S4",0.828853000735573,0.79687818329673,1.28776874583313,0.949976072655988,0.13,0.065,0.42,0.123,0.51,0.033,0.0284,0.0032,0.058,0.0059,0.34,0.023,0.00058,0.000153,0.0051,0.00182,-26,1.2,-0.79,1.8,0.115,0.042,0.67,0.041,17,6.3,0.12,0.005,0.29,0.14,0.5615,0.211,0.7433,0.21,0.922,0.123
"AP2_0-20","Palsa",1,"Ecological","AP2","3","S16",0.681925203774232,0.528317563856247,1.00001238764758,0.947165071220098,0.16,0.085,0.4,0.144,0.52,0.033,0.0186,0.0028,0.06,0.0062,0.36,0.026,0.00034,0.000111,0.0034,0.0015,-26,1.2,0.27,1.8,0.093,0.036,0.71,0.049,26,7.8,0.12,0.0055,0.35,0.15,0.2978,0.219,0.2667,0.255,0.695,0.271
"AP2_100-120","Palsa",5,"Ecological","AP2","5","S10",0.847849836868621,0.835122117135257,1.33698627464791,0.690783272945418,0.13,0.055,0.4,0.1,0.5,0.034,0.0208,0.0028,0.057,0.0063,0.35,0.026,0.00045,0.000125,0.0042,0.00155,-26,1.2,-0.65,1.9,0.092,0.034,0.72,0.049,23,7.2,0.12,0.0054,0.36,0.15,0.3139,0.198,0.5282,0.253,0.705,0.245
"AP2_20-40","Palsa",2,"Ecological","AP2","3","S7",0.679875631855653,0.554944160635007,1.10067276410961,0.943246069520926,0.13,0.066,0.4,0.126,0.53,0.033,0.0233,0.0029,0.059,0.0062,0.33,0.025,0.00032,0.000105,0.0041,0.00159,-27,1.1,-0.25,1.7,0.146,0.054,0.66,0.041,24,7.2,0.12,0.0051,0.23,0.13,0.4615,0.231,0.6513,0.261,0.808,0.208
"AP2_50-69","Palsa",3,"Ecological","AP2","4","S8",0.854351822659637,0.828455667992153,1.39334419706717,0.820869687629571,0.12,0.056,0.41,0.103,0.5,0.033,0.0234,0.0029,0.058,0.0061,0.35,0.023,0.00044,0.000119,0.005,0.00171,-26,1.2,-0.76,1.8,0.107,0.039,0.7,0.043,20,6.7,0.12,0.005,0.31,0.15,0.3325,0.197,0.5944,0.244,0.787,0.224
"AP2_80-100","Palsa",4,"Ecological","AP2","5","S9",0.860924962415171,0.836334845417492,1.3645090791309,0.702731245671264,0.12,0.054,0.41,0.098,0.5,0.033,0.0216,0.0029,0.057,0.0063,0.34,0.027,0.00044,0.000128,0.0038,0.0015,-26,1.2,-0.94,1.9,0.092,0.036,0.7,0.051,23,7.3,0.12,0.0056,0.36,0.16,0.2184,0.174,0.4016,0.255,0.516,0.297
"AP3_0-20","Palsa",1,"Ecological","AP3","3","S11",0.544212784011841,0.343147364276047,0.8079640011458,0.64931605440824,0.19,0.084,0.39,0.124,0.49,0.033,0.0114,0.0021,0.059,0.0054,0.41,0.023,0.00032,0.000105,0.0022,0.00113,-27,1.2,-2.65,1.9,0.053,0.023,0.82,0.061,41,10.1,0.12,0.0057,0.53,0.17,0.0099,0.019,0.0096,0.016,0.02,0.039
"AP3_100-119","Palsa",5,"Ecological","AP3","5","S15",1.01230627649203,0.955251907349734,1.63506602826462,1.00474814896408,0.11,0.055,0.41,0.109,0.5,0.033,0.0271,0.0032,0.057,0.0064,0.34,0.025,0.00046,0.000131,0.0056,0.00197,-26,1.2,-0.37,1.8,0.131,0.05,0.68,0.045,17,6.3,0.12,0.0051,0.26,0.14,0.4789,0.248,0.7315,0.24,0.795,0.25
"AP3_20-40","Palsa",2,"Ecological","AP3","3","S12",0.560722722566219,0.4140350317167,0.787058967241862,0.72018706176427,0.18,0.087,0.37,0.132,0.49,0.033,0.0159,0.0025,0.059,0.0056,0.39,0.023,0.00032,0.000104,0.0028,0.00128,-25,1.2,-1.62,1.7,0.062,0.024,0.82,0.053,31,8.6,0.12,0.0054,0.47,0.16,0.2043,0.125,0.1279,0.119,0.49,0.275
"AP3_50-69","Palsa",3,"Ecological","AP3","4","S13",0.896110455621649,0.796944386132223,1.3821744129573,1.0256469442221,0.12,0.061,0.43,0.12,0.52,0.033,0.0233,0.0029,0.058,0.006,0.34,0.022,0.00032,0.000104,0.0042,0.00155,-26,1.1,-0.91,1.7,0.124,0.045,0.66,0.039,24,7.3,0.12,0.0047,0.27,0.13,0.5565,0.227,0.8155,0.182,0.895,0.148
"AP3_80-100","Palsa",4,"Ecological","AP3","5","S14",0.952150693066225,0.886022474607966,1.52546693829146,0.999604958582755,0.11,0.057,0.42,0.114,0.51,0.033,0.027,0.003,0.058,0.0062,0.33,0.024,0.00045,0.000123,0.005,0.00171,-26,1.2,-0.44,1.7,0.129,0.048,0.67,0.041,19,6.5,0.12,0.0049,0.26,0.13,0.5075,0.23,0.8209,0.178,0.875,0.179
"AP4_0-20","Palsa",1,"Ecological","AP4","3","S6",0.599506148413032,0.427473903576572,0.922755373095179,0.790005432662029,0.16,0.085,0.38,0.14,0.49,0.033,0.0173,0.0027,0.059,0.0058,0.37,0.024,0.00037,0.000119,0.0033,0.0015,-27,1.2,-0.61,1.8,0.092,0.037,0.74,0.05,26,7.8,0.12,0.0054,0.35,0.16,0.1287,0.12,0.1166,0.146,0.511,0.287
"AP4_20-40","Palsa",2,"Ecological","AP4","3","S17",0.747443953995519,0.637516621388344,1.15965438405701,1.0252151463282,0.13,0.071,0.4,0.139,0.52,0.033,0.0234,0.0029,0.059,0.0059,0.34,0.022,0.00038,0.000116,0.0037,0.00145,-27,1.2,-0.22,1.7,0.111,0.042,0.67,0.041,23,7.2,0.12,0.0049,0.3,0.14,0.6652,0.233,0.7226,0.261,0.884,0.178
"AP4_50-70","Palsa",3,"Ecological","AP4","4","S18",0.826077670362334,0.790784852798557,1.35786237661143,0.841063625775043,0.13,0.058,0.4,0.106,0.5,0.033,0.0217,0.0028,0.058,0.0059,0.36,0.022,0.00041,0.000114,0.004,0.00148,-26,1.2,-0.94,1.8,0.107,0.039,0.71,0.041,23,7.1,0.12,0.0047,0.31,0.14,0.4025,0.208,0.6515,0.227,0.834,0.179
"AP4_80-99","Palsa",4,"Ecological","AP4","5","S19",0.73401793423953,0.699300815649791,1.14655753732576,0.554377331510928,0.14,0.058,0.39,0.1,0.5,0.033,0.017,0.0027,0.057,0.0061,0.35,0.026,0.00045,0.000127,0.0028,0.00131,-26,1.3,-0.64,1.9,0.087,0.035,0.72,0.049,29,8.4,0.12,0.0055,0.37,0.16,0.1422,0.127,0.5452,0.25,0.529,0.272
"AP4_99-120","Palsa",5,"Ecological","AP4","5","S20",0.790415245481481,0.80625552432866,1.22633630400359,0.64052638484037,0.13,0.055,0.41,0.097,0.51,0.033,0.0225,0.0029,0.058,0.0063,0.35,0.026,0.00048,0.000133,0.0039,0.00151,-26,1.2,-0.76,1.8,0.095,0.036,0.7,0.046,22,7,0.12,0.0054,0.34,0.15,0.2736,0.186,0.4282,0.249,0.72,0.237
"AT1_0-40","Thermokarst",0,"Ecological","AT1","1","S21",0.411582657079283,0.263769381232053,0.432278811972162,0.477242657496364,0.24,0.102,0.36,0.127,0.45,0.034,0.0071,0.0017,0.057,0.0057,0.45,0.025,0.00027,9.8e-05,0.0013,0.00084,-25,1.2,-2.69,1.8,0.031,0.012,0.96,0.065,72,13.1,0.13,0.0057,0.7,0.15,0.0328,0.035,0.0294,0.028,0.062,0.05
"AT1_143-163","Thermokarst",4,"Ecological","AT1","2","S24",0.825315775168956,0.823540667647019,1.31502573044367,0.810316789857086,0.13,0.06,0.43,0.109,0.5,0.033,0.0226,0.0028,0.058,0.006,0.36,0.023,0.00053,0.000139,0.0041,0.00157,-26,1.2,-0.55,1.8,0.096,0.036,0.73,0.047,21,6.7,0.12,0.0052,0.33,0.15,0.4736,0.201,0.3647,0.223,0.773,0.22
"AT1_163-183","Thermokarst",5,"Ecological","AT1","2","S25",0.816137951612468,0.797420714734133,1.30444334214013,0.782359533857015,0.13,0.057,0.41,0.104,0.5,0.033,0.0218,0.0028,0.058,0.0059,0.36,0.024,0.00046,0.000125,0.0039,0.00149,-26,1.2,-0.58,1.8,0.102,0.037,0.71,0.043,23,7.3,0.12,0.0049,0.32,0.14,0.4035,0.198,0.3475,0.229,0.675,0.256
"AT1_63-83","Thermokarst",1,"Ecological","AT1","1","S22",0.65936045583353,0.567891937785678,1.0176282008845,0.834117653893394,0.14,0.066,0.4,0.122,0.53,0.033,0.0214,0.0027,0.059,0.006,0.34,0.022,0.00035,0.000107,0.0032,0.0013,-27,1.1,-0.54,1.7,0.113,0.04,0.68,0.038,25,7.3,0.12,0.0047,0.29,0.14,0.4637,0.2,0.5924,0.246,0.873,0.161
"AT1_83-103","Thermokarst",2,"Ecological","AT1","1","S23",0.651503144366852,0.602103680826778,1.05388380173908,0.768237714481087,0.13,0.064,0.4,0.119,0.51,0.033,0.0231,0.0028,0.058,0.0056,0.35,0.02,0.00045,0.00012,0.0039,0.00143,-26,1.1,-0.75,1.7,0.099,0.035,0.71,0.038,22,6.7,0.12,0.0047,0.33,0.15,0.418,0.175,0.6153,0.223,0.855,0.171
"AT2_0-40","Thermokarst",0,"Ecological","AT2","1","S26",0.428018518315148,0.286607902393864,0.62137589795392,0.467974528725382,0.2,0.096,0.31,0.115,0.45,0.033,0.0116,0.0022,0.057,0.0055,0.42,0.024,0.00032,0.000111,0.0021,0.00119,-24,1.2,-1.88,1.9,0.035,0.015,0.97,0.068,43,10.7,0.13,0.0064,0.66,0.16,0.0256,0.032,0.0834,0.08,0.138,0.146
"AT2_123-143","Thermokarst",4,"Ecological","AT2","2","S29",0.855810427389459,0.820700930482074,1.30954352835688,0.80141708016668,0.13,0.057,0.41,0.104,0.51,0.033,0.0204,0.0027,0.057,0.006,0.36,0.024,0.00039,0.000114,0.0038,0.00141,-26,1.2,-0.98,1.8,0.1,0.037,0.71,0.043,25,7.5,0.12,0.0048,0.33,0.15,0.3711,0.209,0.3614,0.249,0.73,0.248
"AT2_143-163","Thermokarst",5,"Ecological","AT2","2","S30",0.933964656311027,0.880095989299496,1.41815034106559,0.854915885486602,0.12,0.057,0.4,0.103,0.5,0.033,0.0222,0.0028,0.057,0.0063,0.36,0.026,0.00043,0.000122,0.0041,0.00151,-27,1.2,-0.25,1.9,0.117,0.044,0.71,0.048,23,7.1,0.12,0.0053,0.28,0.14,0.5981,0.234,0.5147,0.281,0.899,0.147
"AT3_0-40","Thermokarst",0,"Ecological","AT3","1","S31",0.406590191507404,0.235390217908168,0.46850663955447,0.476220523430819,0.23,0.108,0.33,0.125,0.44,0.033,0.0072,0.0017,0.057,0.0055,0.44,0.023,0.00023,8.7e-05,0.0014,0.00085,-24,1.2,-2.75,1.8,0.034,0.013,0.98,0.063,72,13,0.13,0.0055,0.67,0.15,0.0344,0.034,0.0206,0.021,0.024,0.027
"AT3_140-160","Thermokarst",4,"Ecological","AT3","2","S34",0.852038582882602,0.812336853136349,1.36253186965575,0.839921644753263,0.12,0.055,0.41,0.102,0.51,0.033,0.0216,0.0029,0.058,0.006,0.35,0.025,0.00047,0.000137,0.0038,0.00179,-26,1.2,-0.6,1.8,0.095,0.038,0.71,0.05,24,7.5,0.12,0.0056,0.35,0.16,0.2394,0.183,0.4631,0.28,0.727,0.276
"AT3_160-180","Thermokarst",5,"Ecological","AT3","2","S35",0.826382755583071,0.813084084045588,1.2886255997772,0.791333209400702,0.13,0.057,0.42,0.105,0.51,0.033,0.0214,0.0028,0.057,0.006,0.36,0.024,0.00044,0.000122,0.0043,0.00156,-26,1.2,-1.01,1.8,0.092,0.034,0.71,0.044,22,7,0.12,0.005,0.35,0.15,0.369,0.2,0.3599,0.233,0.769,0.233
"AT3_60-80","Thermokarst",1,"Ecological","AT3","1","S32",0.538941312793559,0.446344895433525,0.889922108535391,0.720936909851118,0.15,0.077,0.35,0.128,0.5,0.033,0.0235,0.003,0.058,0.0058,0.34,0.025,0.00035,0.000117,0.0044,0.00178,-26,1.2,-0.53,1.8,0.108,0.042,0.71,0.048,21,6.8,0.13,0.0057,0.3,0.15,0.2579,0.165,0.3672,0.247,0.764,0.219
"AT5_0-40","Thermokarst",0,"Ecological","AT5","1","S36",0.456354559180504,0.328588381036749,0.620868807290478,0.506688752179871,0.21,0.091,0.33,0.119,0.46,0.033,0.0124,0.0022,0.057,0.0054,0.43,0.022,0.00038,0.000118,0.0023,0.00115,-25,1.2,-2.18,1.8,0.039,0.015,0.95,0.06,40,9.5,0.13,0.0057,0.63,0.16,0.0479,0.042,0.0608,0.047,0.166,0.119
"AT5_130-150","Thermokarst",4,"Ecological","AT5","2","S39",0.895208861379099,0.835495087717522,1.4734354689736,0.889471066841552,0.12,0.055,0.41,0.103,0.5,0.032,0.0223,0.0029,0.058,0.0061,0.35,0.024,0.00038,0.000114,0.0041,0.00149,-26,1.2,-1.08,1.8,0.11,0.042,0.69,0.045,22,7.2,0.12,0.0051,0.3,0.14,0.3014,0.205,0.5283,0.272,0.756,0.259
"AT5_150-170","Thermokarst",5,"Ecological","AT5","2","S40",0.811575478057361,0.77136920619917,1.26729171143993,0.7781223681193,0.13,0.059,0.39,0.104,0.5,0.033,0.02,0.0027,0.057,0.0059,0.36,0.025,0.00041,0.000118,0.0038,0.0015,-26,1.2,-0.95,1.8,0.095,0.035,0.72,0.048,24,7.5,0.12,0.0053,0.34,0.15,0.3189,0.194,0.4479,0.253,0.738,0.243
"AT5_50-70","Thermokarst",1,"Ecological","AT5","1","S37",0.49585668779427,0.354876926665323,0.737449503371275,0.548767864628213,0.18,0.085,0.33,0.114,0.46,0.033,0.0127,0.0022,0.057,0.0055,0.4,0.022,3e-04,1e-04,0.0027,0.00122,-25,1.2,-2.26,1.7,0.053,0.02,0.9,0.054,39,9.6,0.13,0.0052,0.53,0.16,0.0665,0.052,0.0523,0.048,0.233,0.184
"AT5_70-90","Thermokarst",2,"Ecological","AT5","1","S38",0.721021153984436,0.642940904110668,1.15984403816418,0.919496759189637,0.13,0.068,0.39,0.128,0.52,0.033,0.0243,0.003,0.059,0.0058,0.34,0.023,0.00038,0.000114,0.004,0.00152,-27,1.2,-0.43,1.7,0.104,0.039,0.68,0.041,21,7,0.12,0.0049,0.31,0.15,0.5263,0.221,0.5726,0.277,0.893,0.162
