"","ASV1111","ASV5037","ASV4685","ASV1796","ASV4952","ASV4590","ASV1355","ASV856","ASV1880","ASV1116","ASV3265","ASV1095","ASV688","ASV4167","ASV1782","ASV699","ASV908","ASV3622","ASV4733","ASV4947","ASV450","ASV4610","ASV466","ASV1382","ASV3729","ASV226","ASV976","ASV96","ASV801","ASV3407","ASV1445","ASV3356"
"S1",0,0,0.000731286781178411,0.00186979652545542,0,0.000860502823214117,0.00352489540622106,0.000848110343137595,0.000536617790803156,0.00687783388960746,0,0.00509077380745712,0.000351298806516491,0.00177199628331952,0.000351298806516491,0.00114508517232803,0.0106235864884692,0.00160985337240947,0.000902456457637684,0.00020282246050829,0.00619788771123871,0.000351298806516491,0.00243679255771463,0.000608467381524871,0.00153024086404536,0.010585003363397,0.00639923987381965,0.0466943498704046,0.00303556863025804,0,0.00152308606233726,0.000405644921016581
"S2",0.00115927575240831,0.000379462063338425,0.000536640396379278,0.00241976427773702,0.000579637876204153,0.000379462063338425,0.00244973303764168,0.0010367096365855,0.000657247573247071,0.00602477209544431,0.000789913275338863,0.0011485709563385,0.000379462063338425,0.00215612679027736,0.000929488431922812,0.00202568330220139,0.01268453694742,0.00021908252441569,0.00163841624384591,0.00021908252441569,0.00809541325276808,0.000619658954615208,0.00397884935336596,0.00131449514649414,0.00112956122310065,0.0134352658215757,0.00356418389185931,0.0320523725428293,0.000579637876204153,0.000876330097662761,0.0126413873771653,0.00320630029549513
"S3",0,0,0,0,0,0,0,0,0,0,0,0,0,0,0,0,0,0,0,0,0.000457786517587758,0,0,0,0,0.000647407901844156,0,0.00228893258793879,0,0,0,0
"S4",0,0,0,0,0,0,0,0.00407424309895162,0,0.000672867960212603,0,0,0,0,0,0,0.00573720401788403,0,0,0,0,0,0,0,0,0.00285473698505695,0,0.000951578995018983,0,0,0.00459462983088838,0
"S5",0,0,0,0,0,0,0,0.000700260104408946,0,0,0,0,0.000495158668421965,0.000495158668421965,0,0.000495158668421965,0.000495158668421965,0,0,0,0.00169057744125288,0,0,0,0,0.00099031733684393,0.0014854760052659,0.000495158668421965,0.000495158668421965,0,0.00189567887723986,0
"S6",0.000960270321361997,0.000296345854910661,0.0005132860773177,0.00169995032268339,0.000592691709821323,0.000838192654335414,0.00285171649123173,0.00232391566611154,0.000662649476430529,0.00661980571820858,0.000811576547788612,0.00391278139936257,0.00120376255317444,0.0024250161073474,0.000468563938333742,0.00118538341964265,0.0201080530420611,0.000889037564731984,0.000419096327167707,0,0.00622061328495181,0.000592691709821323,0.00304742928825036,0.000755536648480899,0.00135760150306573,0.0146964119373468,0.00466385324533531,0.0477544676308182,0.00218774705619476,0.000209548163583853,0.00328423248860443,0.000802239873405176
"S7",0.0033854938906837,0.000229822300457022,0,0.00227405742798118,0,0,0.00284259497780293,0.00467564532381939,0.000608052652746047,0.00426408045478909,0.00127959641426822,0.000325017814242105,0.0020684007041132,0.00143469804364036,0.00369863989257209,0.00210635617646638,0.00772661553640654,0,0.000325017814242105,0,0.00885785925796718,0.000859916308150398,0.00167783220161878,0.00175027449494837,0.000459644600914045,0.0128241439832381,0.00732075948925167,0.0238241109093524,0.000229822300457022,0.00125878858178041,0.015077352059241,0.00357366385978281
"S8",0,0,0,0,0,0,0,0.000924194771448603,0,0.000338278764394942,0,0,0,0,0,0,0.000676557528789884,0,0,0,0.00109469307692667,0,0,0.000585916007053661,0,0.00047839841647014,0,0.000338278764394942,0,0,0.000676557528789884,0
"S9",0,0,0,0,0,0,0,0,0,0.000647568930280424,0.000915800763774013,0,0,0,0,0,0.00156336969405444,0,0,0,0.000647568930280424,0,0,0,0,0.000915800763774013,0,0.00630217373089211,0,0,0,0
"S10",0,0,0,0,0,0,0,0,0,0.000502238330577829,0,0,0,0,0,0,0.000502238330577829,0,0,0,0,0,0,0,0,0.000502238330577829,0,0.000502238330577829,0,0,0,0
"S11",0,0,0.000662291607795867,0.000993310202322319,0.000433571632122652,0.000867143264245305,0.00354764322125934,0.000867143264245305,0.000354009755215399,0.00594226907145828,0.000354009755215399,0.00521074587667768,0,0.00215537004862135,0.000433571632122652,0.00093421702916065,0.0155911293620972,0.00111947714039933,0.00137031111822667,0.000250322698518999,0.00387354717009145,0.000354009755215399,0.00238321165848509,0.0010620292656462,0.00154255797291669,0.0118889866902987,0.00570233683683398,0.0517262764234011,0.00322518236125903,0,0.00225539942199954,0.000559738570199667
"S12",0.00130844102662415,0.0004423338002851,0.00049454422309165,0.00176007033910648,0.00031277722972961,0.000383072307999409,0.0033232304199786,0.00574744797587157,0.00200275146059877,0.00688530971760606,0.001060679191617,0.00139169907545804,0.001060679191617,0.00231758637187852,0.00148363266927495,0.00223348735341666,0.0139623454905533,0.00049454422309165,0.00104657300842706,0.00031277722972961,0.0110954910115112,0.00022116690014255,0.00440478984999001,0.00234061046406497,0.000846721359601771,0.0165840884178539,0.00449236485460061,0.0319521428688677,0.00022116690014255,0.000827530765628267,0.0113301253269728,0.0029245369334349
"S13",0,0,0,0,0,0,0,0,0,0,0,0.000611828163835902,0,0,0,0,0,0,0,0,0,0,0,0,0,0.00167154562910126,0,0.00105971746526536,0,0,0,0
"S14",0,0,0,0,0,0,0,0,0,0,0,0,0,0,0,0,0,0,0,0,0.00129533059052828,0,0,0,0,0.00156360233970506,0,0,0,0,0.000647665295264139,0
"S15",0.000487465227628075,0,0,0,0,0,0,0,0,0.000487465227628075,0,0.000487465227628075,0,0,0,0,0,0,0,0,0,0,0,0,0,0,0.000487465227628075,0.00117684516372499,0,0,0,0
"S16",0.000776165163335428,0.000304437024124483,0.000527300393488677,0.00160990029059905,0.000215269484202674,0.000304437024124483,0.00279563060628393,0.00270473699495961,0.000481357200158497,0.00658988001269105,0.00071396810791361,0.00427833936994416,0.00183926327928022,0.00215044947831837,0.000776165163335428,0.00105359956476827,0.01034207586366,0.000962714400316995,0.000527300393488677,0.000304437024124483,0.00566428026815242,0.000608874048248966,0.00262415740615452,0.000608874048248966,0.00105015239204084,0.0165369589130195,0.0063333948946091,0.0404064533436015,0.00193742535782407,0.000645808452608023,0.00522154954907925,0.00154596653005488
"S17",0.00101431912847152,0.000498338725016553,0,0.00422691134257895,0.00032623927558802,0,0.00158975855681919,0.00626914733776972,0.00206331834612302,0.00566357625737154,0.000863147991107766,0.000787611283703372,0.00386470780862489,0.00161541928868485,0.00171598964543343,0.00246424840556562,0.00559615301327293,0,0.000188354333580972,0.000753417334323887,0.00564078582057954,0.000461372008115352,0.00108146605073607,0.000565063000742916,0.00097871782676406,0.0132297631218614,0.00439427053425784,0.025135546905938,0.000376708667161944,0.00158710182518009,0.0142328524836619,0.00441276176389694
"S18",0,0,0,0.000797591525246428,0,0,0,0.000253504293175827,0.000439082315717368,0.00186011362966472,0,0.00035850920952906,0.00035850920952906,0.000253504293175827,0,0.000439082315717368,0.000865517795880714,0,0,0,0.000439082315717368,0,0.000253504293175827,0,0,0,0,0.00228406548701283,0.000439082315717368,0,0.00204438413071479,0
"S19",0,0,0,0.000617429020089642,0,0,0,0,0,0,0,0,0,0,0.000617429020089642,0,0,0,0,0,0,0,0,0,0,0,0,0.000617429020089642,0,0,0,0
"S20",0,0,0,0,0,0,0,0.00157521420159071,0,0.000371281547922048,0,0,0.00128615700982761,0,0,0,0.00358177937849867,0,0,0,0.00105014280106047,0,0,0,0,0.00435589398413428,0,0.0136551030477197,0.00153083303892543,0,0.00286137121141832,0
"S21",0,0,0,0.000426412341533633,0,0,0.000301519058280066,0,0.000301519058280066,0.00319097777502178,0,0.000522246328391396,0,0,0.000674217110825949,0.000426412341533633,0.00215473490304529,0,0,0,0.00202060297435011,0.000426412341533633,0.001981005694734,0,0,0.00968380962786388,0.00208166799378079,0.00479062008340602,0,0,0.00125500604039413,0
"S22",0,0,0,0,0,0,0,0,0.000723732595572198,0,0,0,0,0,0,0,0,0,0,0,0,0,0,0,0,0.00083569441774983,0,0.000511756226094842,0,0,0.000590925189790648,0.000295462594895324
"S23",0,0,0,0,0,0,0.000879814771892301,0.000235140388588833,0.000332538726604007,0.00105157978628069,0,0.000235140388588833,0.000235140388588833,0,0.000235140388588833,0.000665077453208014,0.00149967886851815,0.000332538726604007,0,0.000332538726604007,0.00157678470939029,0,0.00128139513572889,0.00117570194294416,0.000407275099947347,0.0036986771112405,0.00170507410797154,0.00449927788728205,0.000235140388588833,0,0.000235140388588833,0
"S24",0,0,0,0,0,0,0,0,0,0,0,0.000355265846757068,0,0,0,0,0,0,0,0,0,0,0,0,0,0,0.000710531693514136,0.000710531693514136,0,0,0.000355265846757068,0.000355265846757068
"S25",0,0,0,0,0,0,0,0,0,0,0,0,0,0,0,0,0,0,0,0,0,0,0,0,0,0,0,0.000275970152264703,0,0,0,0
"S26",0,0,0.000261301158102774,0,0.000261301158102774,0.000369535641652739,0,0,0,0.00140522592164648,0,0,0.000261301158102774,0.000261301158102774,0.000261301158102774,0.000739071283305478,0.000261301158102774,0,0,0,0.00167604143216661,0.000261301158102774,0.000713888040013366,0.000783903474308321,0.000369535641652739,0.00305102091492011,0.00123649035621891,0.000522602316205548,0.000369535641652739,0,0.0017365425140442,0.000261301158102774
"S29",0,0,0,0,0,0,0,0,0,0,0,0,0,0,0,0,0,0,0,0,0,0,0,0,0,0.000385335694362298,0,0.000314625276956227,0.000314625276956227,0,0,0
"S30",0,0,0,0,0,0,0,0,0,0,0,0.000358520177961109,0,0.000292730499498845,0,0,0,0,0,0,0.000358520177961109,0,0,0,0,0.000292730499498845,0.000292730499498845,0,0.000413983442511517,0,0,0
"S31",0,0,0.000366245598798719,0,0,0.000211451995055956,0.000472821034923067,0,0,0.00157520946826038,0,0.000299038279198981,0,0.000211451995055956,0.000211451995055956,0.000472821034923067,0,0,0,0,0.000721942269310893,0,0.000634355985167867,0.000211451995055956,0.000211451995055956,0.00102098054850987,0.000967708199362465,0.000211451995055956,0,0,0.00188129979676644,0.000299038279198981
"S32",0,0,0,0,0,0,0,0,0,0.000423472153305546,0,0,0,0,0,0,0,0,0,0,0,0,0,0,0,0,0.000299440031246021,0.000299440031246021,0,0,0.000598880062492042,0
"S34",0,0,0,0,0,0,0,0,0,0,0,0,0,0,0,0,0,0,0,0,0.000216726341168728,0,0,0,0,0,0.000216726341168728,0,0,0,0,0
"S35",0,0,0,0,0,0,0,0,0,0,0,0.000241578339519389,0,0.000241578339519389,0,0,0,0.000241578339519389,0,0,0,0,0,0,0,0.000241578339519389,0,0.000241578339519389,0,0,0,0
"S36",0,0,0,0,0,0,0,0,0,0.00090604224803867,0,0.000218520134559425,0,0.000218520134559425,0,0,0.000309034137945533,0,0,0,0.000927102413836599,0.000309034137945533,0.000218520134559425,0.000378487975533712,0.000378487975533712,0.00105510854500992,0.00043704026911885,0,0.000218520134559425,0.000218520134559425,0.00208203412901062,0
"S37",0,0,0,0,0,0,0,0,0,0,0,0.00023949766974564,0,0.00023949766974564,0,0,0.00023949766974564,0,0,0,0.000338700852711037,0,0.00023949766974564,0,0,0,0.000535533070004047,0.000718493009236921,0.00023949766974564,0,0,0
"S38",0,0,0,0,0,0,0,0,0,0,0,0,0,0,0,0,0,0.000203149984617382,0,0,0,0,0.000490447448059169,0,0,0,0.000287297463441787,0,0,0,0,0
"S39",0,0,0,0,0,0,0.00023019657474467,0,0,0,0,0.00046039314948934,0,0,0,0,0,0,0,0,0.00023019657474467,0,0,0.00023019657474467,0,0,0,0.00238997734424188,0.00023019657474467,0,0,0
"S40",0,0,0,0,0,0,0,0,0,0,0,0,0,0,0,0,0,0,0,0,0,0,0,0,0,0.000188354023844679,0,0.000753416095378717,0.000326238739109024,0,0,0
