site;block;oxygen;depth;layer;N;Na;Nat;Nat2;Nat3;Nt;Nt2;Nt3;Nt4;C ;Ca;Cat;Cat2;Cat3;Ct;Ct2;Ct3;Ct4;H ;Ha;Hat;Hat2;Hat3;Ht;Ht2;Ht3;Ht4;S ;St;St2;St3;St4;O ;Oa;Oat;Oat2;Oat3;Ot;Ot2;Ot3;Ot4;CNa;CNat;CNat2;CNat3;CH;CHa;CHt;CHt2;CHt3;CHt4;OC;OCt;OCt2;OCt3;CS;C_HO;HC;respirationh;respirationah;respirationa;respirationat;respirationat2h;respirationat2;respirationat3;respirationat4;respirationt;respirationt2;respirationt3;respirationt4;respirationng;mbc;mbct;mbct2;mbct3;mbct4;mbca;mbcug;mbcat;mbcat2;mbcat3;mbcat4;mbcugat;mbcugat2;cue;cuet;cuet2;cuet3;cuet4;dna;dnam;dnamt;dnamt2;dnamt3;mbcx;mbcx2;dnadan;cuedan;dnadan2;cuedan2;cprod;cprodt;cprodt2;cprodt3;cprodugh;cprodug;cprodugt2h;cprodugt2;growth_rate;turnover;turnovert;turnovert2;turnovert3;qco2;qco2t;qco2t2;qco2t3;cuptake;cuptaket;cuptaket2;cuptaket3;cuptakeug;cuptakeugd;qgrowth;qgrowtht;qgrowtht2;qgrowtht3;quptake
P;1;O2;1;;7.8;7.8;2.792848009;2.054123734;0.128205128;3.054001182;2.792848009;0.128205128;2.054123734;483.4;483.4;21.98635941;6.180844468;0.00206868;21.98635941;6.180844468;0.00206868;4.003690194;61.7;61.7;7.854934755;4.122283931;0.016207455;7.854934755;4.122283931;0.016207455;1.945910149;0.296334619;0.544366254;-1.216265994;3.374563537;2.390706118;428.08;428.08;20.69009425;6.059310094;0.002336012;20.69009425;6.059310094;0.002336012;2.989714201;72.34233;8.505429442;4.281409435;0.013823165;7.83;7.83;2.798213716;2.05796251;0.127713921;0.524728529;0.664170459;0.814966539;-0.409216447;1.505637576;1631.26;3353.87;1.521072797;1.34;1.34;32.16;1.16;0.3;3.470723444;0.74;2.08;1.159602111;0.296153877;0.743672985;2.078856739;1340;1.58;1.256922566;0.457332651;0.632969747;0.615264373;1.58;1579.854;1.256980509;0.457424847;0.632911392;0.615185639;39.74737727;7.365087717;0.24;0.489897949;-1.427116356;4.166666667;0.559615788;15.81;18.59;4.311612227;2.922623802;0.053792361;1579.85;1579.85;11.76;0.29;12.66;0.28;425.557;20.62903294;6.053398899;0.002349861;0.425557;10.213368;-0.85435638;2.32369745;0.006;154.68;12.43704145;5.041358467;0.00646496;0.851;0.922572434;-0.161178773;1.17489499;1770.234;42.07414883;7.47886702;0.000564897;1.770234;42.485616;0.269;0.518652099;-1.313043899;3.717472119;1.121
P;1;O2;2;;11;11;3.31662479;2.397895273;0.090909091;2.890371758;3.31662479;0.090909091;2.397895273;475.6;475.6;21.80825532;6.164577165;0.002102607;21.80825532;6.164577165;0.002102607;4.136765278;60.9;60.9;7.803845206;4.109233175;0.016420361;7.803845206;4.109233175;0.016420361;2.054123734;0.604881466;0.777741259;-0.502722764;1.653216467;2.362047254;433.32;433.32;20.81633974;6.071476485;0.002307763;20.81633974;6.071476485;0.002307763;2.683757509;50.36772;7.097021911;3.919350494;0.019853986;7.81;7.81;2.794637722;2.055404964;0.128040973;0.536493371;0.683326325;0.826635545;-0.380782752;1.463429643;786.27;3384.02;1.52496799;0.86;0.86;20.64;0.93;-0.15;3.027230941;1.16;2.14;0.927742165;-0.150002849;1.161837552;2.137627248;860;0.509;0.71310707;-0.676247404;1.966484447;1.072089758;0.509;508.522;0.713442359;-0.675307262;1.964636542;1.071926023;22.55043237;6.231508479;0.69;0.830662386;-0.371063681;1.449275362;0.262364264;0.77;0.95;0.974679434;-0.051293294;1.052631579;508.52;508.52;3.45;0.34;6.5;0.22;1948.533;44.1421907;7.574832061;0.000513207;1.948533;46.764792;0.667076782;3.845130612;0.092;10.87;3.296968304;2.386006701;0.09199632;1.693;1.300985791;0.526244555;0.590819599;2809.238;53.00224524;7.940668551;0.000355968;2.809238;67.421712;3.832;1.957549489;1.34338686;0.260960334;5.524
P;1;O2;3;;26.2;26.2;5.118593557;3.265759411;0.038167939;1.029619417;5.118593557;0.038167939;3.265759411;514.5;514.5;22.68259244;6.243195555;0.001943635;22.68259244;6.243195555;0.001943635;3.165475048;65.1;65.1;8.068457102;4.175924549;0.015360983;8.068457102;4.175924549;0.015360983;1.280933845;2.331183713;1.526821441;0.84637617;0.428966621;2.184516818;345.53;345.53;18.58843727;5.84507947;0.002894105;18.58843727;5.84507947;0.002894105;4.629179638;22.89654;4.785032915;3.130985807;0.043674721;7.9;7.9;2.810693865;2.066862759;0.126582278;0.482426149;0.503688047;0.709709833;-0.685798157;1.985355829;220.7;2730.8;1.507594937;1.54;1.54;36.96;1.24;0.43;3.609836247;0.65;2.06;1.239370123;0.42920657;0.651025433;2.054631515;1540;0.326;0.570847505;-1.121266342;3.068737817;1.13273449;0.326;325.867;0.570964097;-1.120857898;3.067484663;1.132691602;18.05178662;5.786489323;0.89;0.943398113;-0.116533816;1.123595506;0.09531018;0.54;0.56;0.748331477;-0.579818495;1.785714286;325.87;325.87;0.57;0.88;0.57;0.88;12087.074;109.9412298;9.399891896;8.27E-05;12.087074;290.089776;2.492136617;5.670190447;0.89;1.12;1.058300524;0.113328685;0.892857143;4.714;2.171105438;1.550472913;0.212147623;13623.113;116.718092;9.519523115;7.34E-05;13.623113;326.954712;37.092;6.090320189;3.613401313;0.026959991;41.806
P;1;O2;4;;28;28;5.291502622;3.33220451;0.035714286;0;5.291502622;0.035714286;3.33220451;516.4;516.4;22.72443619;6.246881659;0.001936483;22.72443619;6.246881659;0.001936483;3.08190997;62.6;62.6;7.912016178;4.136765278;0.015974441;7.912016178;4.136765278;0.015974441;1.808288771;3.82359885;1.955402478;1.341192086;0.261533712;2.000660563;364.95;364.95;19.10366457;5.899760358;0.002740101;19.10366457;5.899760358;0.002740101;4.418961082;21.53115;4.640167023;3.069500724;0.046444338;8.25;8.25;2.872281323;2.1102132;0.121212121;0.2390169;0.530039698;0.728038253;-0.634803373;1.886651139;135.06;3010.55;1.443636364;5.46;5.46;131.04;2.34;1.7;4.87550262;0.18;1.36;2.337497714;1.698162008;0.183019604;1.354830639;5460;0.684;0.827037632;-0.379810161;1.462007017;1.010148496;0.684;683.991;0.827042925;-0.379797361;1.461988304;1.010145307;26.1532216;6.52794476;0.17;0.412310563;-1.771956842;5.882352941;0.598836501;1.24;1.39;1.178982612;0.329303747;0.71942446;683.99;683.99;0.16;0.61;0.16;0.62;1102.764;33.20789063;7.005575034;0.000906812;1.102764;26.466336;0.097819755;3.275873586;0.039;25.84;5.083306011;3.251923679;0.03869969;7.988;2.826349881;2.077972169;0.125183807;6566.659;81.03492457;8.789760459;0.000152284;6.566659;157.599816;1.612;1.26964562;0.477475644;0.620347395;9.601
P;1;O2;5;;25.1;25.1;5.00999002;3.222867846;0.039840637;1.360976553;5.00999002;0.039840637;3.222867846;511.3;511.3;22.61194375;6.236956502;0.001955799;22.61194375;6.236956502;0.001955799;3.292126287;62;62;7.874007874;4.127134385;0.016129032;7.874007874;4.127134385;0.016129032;1.902107526;3.596113672;1.896342182;1.279853727;0.278077973;2.030963206;371;371;19.26136028;5.916202063;0.002695418;19.26136028;5.916202063;0.002695418;4.343285806;23.76012;4.874435352;3.168008545;0.04208733;8.25;8.25;2.872281323;2.1102132;0.121212121;0.2390169;0.544201056;0.737699841;-0.608436512;1.837556155;142.18;3059.55;1.443636364;;8.34;200.16;2.89;2.12;5.299117047;0.12;0.01;;;;;8340;;;;;;1.371;1370.571;1.170897092;0.315540401;0.729394602;0.722220428;37.02122364;7.22298272;0.53;0.728010989;-0.634878272;1.886792453;0.378436436;0.86;0.92;0.959166305;-0.083381609;1.086956522;1370.57;;0.11;0.9;0.13;0.88;9338.508;96.63595604;9.141901775;0.000107083;9.338508;224.124192;2.234146496;5.412200327;0.164;6.12;2.473863375;1.811562097;0.163398693;6.084;2.466506191;1.805605303;0.16437493;17676.586;132.9533226;9.779996218;5.66E-05;17.676586;424.238064;6.814;2.610363959;1.918979319;0.146756677;12.897
P;2;O2;1;AL;20.2;20.2;4.494441011;3.005682604;0.04950495;2.174751721;4.494441011;0.04950495;3.005682604;526;526;22.93468988;6.265301213;0.001901141;22.93468988;6.265301213;0.001901141;2.501435952;66.7;66.7;8.167006796;4.200204953;0.014992504;8.167006796;4.200204953;0.014992504;0.693147181;2.0616543;1.435846196;0.723508719;0.485047372;2.214396645;360.65;360.65;18.99078724;5.887907959;0.002772771;18.99078724;5.887907959;0.002772771;4.469465004;30.37701;5.511534269;3.413686072;0.032919632;7.89;7.89;2.808914381;2.065596135;0.126742712;0.488580015;0.514234791;0.71710166;-0.665075326;1.944636998;255.13;2844.11;1.509505703;1.41;1.41;33.84;1.19;0.35;3.521643535;0.71;2.07;1.188778544;0.345852693;0.707616716;2.070250126;1410;0.458;0.676735206;-0.780950424;2.183546574;1.08924504;0.458;457.971;0.676756973;-0.780886095;2.183406114;1.089235127;21.40025701;6.126805863;0.85;0.921954446;-0.162518929;1.176470588;0.131028262;1.22;1.19;1.090871211;0.173953307;0.840336134;457.97;457.97;1.8;0.84;30.92;0.15;7717.772;87.85085088;8.951281;0.000129571;7.717772;185.226528;2.043525721;5.221579552;0.404;2.47;1.571623365;0.904218151;0.4048583;3.086;1.756637654;1.126803116;0.324067609;9130.966;95.55608824;9.119426773;0.000109517;9.130966;219.143184;16.852;4.105118756;2.824469344;0.059340138;19.938
P;2;O2;2;AL;23.9;23.9;4.888762625;3.173878459;0.041841004;1.62924054;4.888762625;0.041841004;3.173878459;522.5;522.5;22.8582589;6.258624984;0.001913876;22.8582589;6.258624984;0.001913876;2.753660712;66.3;66.3;8.142481194;4.194189897;0.015082956;8.142481194;4.194189897;0.015082956;0.875468737;2.799240246;1.673093018;1.02934804;0.357239791;2.130407581;352.43;352.43;18.77311908;5.864852021;0.002837443;18.77311908;5.864852021;0.002837443;4.559440334;25.53396;5.053113891;3.240009331;0.03916353;7.88;7.88;2.80713377;2.064327904;0.126903553;0.494696242;0.505880383;0.711252686;-0.681455035;1.976751884;186.66;2777.45;1.51142132;0.47;0.47;11.28;0.69;-0.75;2.423031246;2.11;2.18;0.689007939;-0.74500497;2.106451905;2.182141177;470;0.059;0.242416342;-2.834197218;17.01673409;1.215278943;0.059;58.766;0.242899156;-2.830217835;16.94915254;1.215209436;7.665898512;4.073563456;0.8;0.894427191;-0.223143551;1.25;0.173953307;0.9;0.99;0.994987437;-0.010050336;1.01010101;58.77;58.77;1.98;0.64;7.71;0.32;1915.995;43.77208014;7.557992349;0.000521922;1.915995;45.98388;0.65023707;3.8282909;0.782;1.28;1.13137085;0.246860078;0.78125;8.078;2.842250375;2.089192248;0.123787085;2390.727;48.8950611;7.779352783;0.000418283;2.390727;57.377448;32.604;5.709991243;3.48443498;0.030671083;40.682
P;2;O2;3;;21.6;21.6;4.647580015;3.072693315;0.046296296;2.00148;4.647580015;0.046296296;3.072693315;501.6;501.6;22.39642829;6.217802989;0.00199362;22.39642829;6.217802989;0.00199362;3.60004824;60.1;60.1;7.752418977;4.096009842;0.016638935;7.752418977;4.096009842;0.016638935;2.151762203;6.137078749;2.477312808;1.814348855;0.162943974;1.625401563;378.66;378.66;19.45918806;5.936638705;0.002640892;19.45918806;5.936638705;0.002640892;4.238444906;27.10941;5.206669761;3.2998809;0.03688756;8.35;8.35;2.889636655;2.122261539;0.119760479;0.157003749;0.56617823;0.752448158;-0.568846356;1.766228278;81.73;3160.33;1.426347305;1.04;1.04;24.96;1.02;0.04;3.217274544;0.96;2.12;1.020047254;0.039697908;0.96107973;2.116195706;1040;0.798;0.893235668;-0.225809654;1.253337074;0.96779342;0.798;797.87;0.893308457;-0.225646682;1.253132832;0.967744013;28.24659271;6.681945677;0.1;0.316227766;-2.302585093;10;0.636576829;10.68;8.45;2.906888371;2.134166441;0.118343195;797.87;797.87;1.14;0.52;3.78;0.25;121.73;11.03313192;4.801805477;0.008214902;0.12173;2.92152;-2.105949802;1.072104029;0.004;273.1;16.5257375;5.609838028;0.003661662;1.304;1.141968789;0.265507562;0.766816644;1162.226;34.09143587;7.058092411;0.000860418;1.162226;27.893424;0.153;0.391152144;-1.877317358;6.535947712;1.457
P;2;O2;4;PL;19.7;19.7;4.438468204;2.980618636;0.050761421;2.2300144;4.438468204;0.050761421;2.980618636;497.2;497.2;22.29798197;6.20899236;0.002011263;22.29798197;6.20899236;0.002011263;3.713572067;59.5;59.5;7.71362431;4.085976313;0.016806723;7.71362431;4.085976313;0.016806723;2.219203484;6.940743286;2.634529044;1.937408871;0.144076788;1.453203714;382.83;382.83;19.56604201;5.947591026;0.002612125;19.56604201;5.947591026;0.002612125;4.176385273;29.50176;5.431552264;3.384449923;0.033896283;8.36;8.36;2.891366459;2.123458427;0.119617225;0.148420005;0.577478882;0.759920313;-0.549083405;1.731665055;71.63;3199.04;1.424641148;1.76;1.76;42.24;1.33;0.56;3.743367639;0.57;2.03;1.325441911;0.563491843;0.56921797;2.025935767;1760;0.411;0.640809899;-0.890044871;2.43523892;1.105045774;0.411;410.637;0.641092817;-0.889162064;2.433090024;1.104925651;20.26418022;6.017709613;0.13;0.360555128;-2.040220829;7.692307692;0.620576488;6.55;6.66;2.58069758;1.896119485;0.15015015;410.64;410.64;0.31;0.75;0.11;0.9;256.217;16.00677981;5.546024742;0.003902942;0.256217;6.149208;-1.361730537;1.816323293;0.015;66.78;8.171903083;4.201403635;0.014974543;4.278;2.068385512;1.453536714;0.233742145;2013.013;44.86661342;7.607387884;0.000496768;2.013013;48.312312;0.624;0.789936706;-0.471604911;1.602564103;4.902
P;2;O2;5;PL;18.5;18.5;4.301162634;2.917770732;0.054054054;2.351375257;4.301162634;0.054054054;2.917770732;495;495;22.24859546;6.204557763;0.002020202;22.24859546;6.204557763;0.002020202;3.765840495;59.7;59.7;7.726577509;4.08933202;0.016750419;7.726577509;4.08933202;0.016750419;2.197224577;5.911564979;2.431371008;1.776910598;0.169159944;1.668833077;;385.41;19.63186186;5.954307703;0.002594639;19.63186186;5.954307703;0.002594639;;31.17057;5.583060988;3.43947438;0.032081544;8.29;8.29;2.87923601;2.115049969;0.120627262;0.207014169;0.583954545;0.764169186;-0.537932133;1.712462055;83.73;3195.61;1.436670688;1.4;1.4;33.6;1.18;0.34;3.514526067;0.71;2.07;1.18264408;0.335505355;0.714976678;2.072083661;1400;0.19;0.436238876;-1.659130609;5.254740433;1.175479388;0.19;190.304;0.435889894;-1.660731207;5.263157895;1.17557333;13.79507158;5.248622794;0.07;0.264575131;-2.659260037;14.28571429;0.652325186;1.33;1.05;1.024695077;0.048790164;0.952380952;190.3;190.3;0.35;0.21;0.16;0.36;98.97;9.9483667;4.594816774;0.010104072;0.09897;2.37528;-2.312938505;0.865115325;0.012;80.12;8.9509776;4.383525511;0.012481278;7.35;2.711001115;1.994635963;0.136063177;1497.617;38.69905684;7.311630457;0.000667727;1.497617;35.942808;0.52;0.721110255;-0.653926467;1.923076923;7.87
P;3;O2;1;AL;11.3;11.3;3.361547263;2.424802726;0.088495575;2.87356464;3.361547263;0.088495575;2.424802726;488.9;488.9;22.11108319;6.19215797;0.002045408;22.11108319;6.19215797;0.002045408;3.897924081;61.2;61.2;7.823042886;4.11414719;0.016339869;7.823042886;4.11414719;0.016339869;2.014903021;1.135908178;1.065789931;0.127432488;0.880352848;2.310714889;420.77;420.77;20.51267901;6.042086366;0.002376595;20.51267901;6.042086366;0.002376595;3.302849259;50.67114;7.118366386;3.925356518;0.0197351;8;8;2.828427125;2.079441542;0.125;0.418710335;0.645484762;0.803420663;-0.437753675;1.549223249;430.4;3361.35;1.48875;2.24;2.24;53.76;1.5;0.81;3.984529696;0.45;1.96;1.496542751;0.80631523;0.446500289;1.960145458;2240;2.43;1.558888184;0.887945729;0.411500218;-0.000132378;2.43;2430.132;1.558845727;0.887891257;0.411522634;0;49.29636903;7.795700856;0.12;0.346410162;-2.120263536;8.333333333;0.625938431;8.88;9.34;3.056141358;2.234306252;0.107066381;2430.13;;14.62;0.08;1.46;0.45;303.99;17.435309;5.716994806;0.003289582;0.30399;7.29576;-1.190760473;1.987293357;0.003;333.09;18.25075341;5.808412724;0.003002192;0.922;0.960006475;-0.081630499;1.085054806;2543.63;50.43441285;7.841347474;0.000393139;2.54363;61.04712;0.125;0.353553391;-2.079441542;8;1.047
P;3;O2;2;AL;18;18;4.242640687;2.890371758;0.055555556;2.397895273;4.242640687;0.055555556;2.890371758;490.1;490.1;22.13820228;6.194609452;0.0020404;22.13820228;6.194609452;0.0020404;3.873282177;63.5;63.5;7.968688725;4.151039906;0.015748031;7.968688725;4.151039906;0.015748031;1.648658626;2.188839361;1.479472663;0.783371431;0.456863129;2.200408186;407.33;407.33;20.18241809;6.009623668;0.002455012;20.18241809;6.009623668;0.002455012;3.70450671;31.76574;5.636110361;3.458388351;0.031480457;7.72;7.72;2.778488798;2.043814364;0.129533679;0.587786665;0.623337074;0.789516988;-0.472667857;1.604268448;223.91;3143.82;1.542746114;0.73;0.73;17.52;0.86;-0.31;2.863343086;1.37;2.15;0.85526374;-0.31269078;1.367098732;2.152752868;730;0.289;0.537823338;-1.240450283;3.45716982;1.14446037;0.289;289.254;0.537587202;-1.241328591;3.460207612;1.144541221;17.00746895;5.667305195;0.89;0.943398113;-0.116533816;1.123595506;0.09531018;0.65;0.68;0.824621125;-0.385662481;1.470588235;289.25;289.25;0.68;0.89;5.25;0.51;6122.03;78.24340228;8.71964902;0.000163345;6.12203;146.92872;1.811893741;4.989947571;0.508;1.97;1.403566885;0.678033543;0.507614213;2.529;1.590231736;0.927759503;0.395438698;6853.506;82.7859046;8.832515625;0.000145911;6.853506;164.484144;21.165;4.600543446;3.052348874;0.047247815;23.694
P;3;O2;3;;22.4;22.4;4.732863826;3.109060959;0.044642857;1.887069649;4.732863826;0.044642857;3.109060959;520.1;520.1;22.80570104;6.254021101;0.001922707;22.80570104;6.254021101;0.001922707;2.895911938;62.4;62.4;7.899367063;4.133565275;0.016025641;7.899367063;4.133565275;0.016025641;1.840549633;4.161248144;2.039913759;1.425815064;0.240312513;1.953919326;362.16;362.16;19.03050183;5.892086103;0.002761211;19.03050183;5.892086103;0.002761211;4.452019006;27.10941;5.206669761;3.2998809;0.03688756;8.34;8.34;2.887905816;2.121063216;0.119904077;0.165514438;0.522245722;0.722665706;-0.64961707;1.914807452;124.99;3018.58;1.428057554;1.26;1.26;30.24;1.12;0.23;3.409165551;0.79;2.09;1.122764025;0.231587049;0.793273639;2.089317729;1260;0.05;0.223606798;-2.995732274;20;1.217875709;0.05;50;0.223606798;-2.995732274;20;1.217875709;7.071067812;3.912023005;0.09;0.3;-2.407945609;11.11111111;0.641853886;3.14;2.84;1.685229955;1.043804052;0.352112676;50;50;0.49;0.38;0.76;0.29;124.702;11.16700497;4.825926891;0.008019118;0.124702;2.992848;-2.081828388;1.096225442;0.06;16.71;4.087786687;2.816007343;0.059844405;25.212;5.021153365;3.227319322;0.039663682;1385.301;37.21963192;7.233672724;0.000721865;1.385301;33.247224;2.494;1.579240324;0.913887847;0.40096231;27.706
P;3;O2;4;PL;24.9;24.9;4.98998998;3.214867803;0.040160643;1.410986974;4.98998998;0.040160643;3.214867803;516.6;516.6;22.72883631;6.247268881;0.001935734;22.72883631;6.247268881;0.001935734;3.072693315;61.3;61.3;7.829431652;4.115779843;0.016313214;7.829431652;4.115779843;0.016313214;2.00148;6.745716674;2.597251754;1.908907737;0.148242218;1.497795669;361.15;361.15;19.00394696;5.889293384;0.002768933;19.00394696;5.889293384;0.002768933;4.463721822;24.20358;4.919713406;3.186500556;0.041316202;8.43;8.43;2.903446228;2.131796772;0.118623962;0.086177696;0.524317654;0.724097821;-0.645657568;1.907240758;76.58;3043.56;1.412811388;1.11;1.11;26.64;1.06;0.11;3.282413846;0.9;2.11;1.055293189;0.107637265;0.897953256;2.107343181;1110;0.05;0.223606798;-2.995732274;20;1.217875709;0.05;50;0.223606798;-2.995732274;20;1.217875709;7.071067812;3.912023005;0.03;0.173205081;-3.506557897;33.33333333;0.672944473;1.47;1.69;1.3;0.524728529;0.591715976;50;50;0.24;0.17;0;;36.77;6.063827174;3.604682295;0.027196084;0.03677;0.88248;-3.303072984;-0.125019153;0.018;56.66;7.527283707;4.037068494;0.017649135;22.273;4.719414614;3.103369539;0.044897663;1150.414;33.91775346;7.047877157;0.000869252;1.150414;27.609936;0.735;0.85732141;-0.30788478;1.360544218;23.008
P;3;O2;5;PL;23.7;23.7;4.868264578;3.165475048;0.042194093;1.667706821;4.868264578;0.042194093;3.165475048;503.5;503.5;22.43880567;6.221583712;0.001986097;22.43880567;6.221583712;0.001986097;3.546739687;59.3;59.3;7.700649323;4.082609306;0.016863406;7.700649323;4.082609306;0.016863406;2.240709689;10.21753752;3.196488311;2.324105609;0.09787094;-2.00E-08;367.22;367.22;19.16298515;5.905961123;0.002723163;19.16298515;5.905961123;0.002723163;4.391234115;24.83376;4.983348272;3.212204018;0.040267765;;8.49;2.913760457;2.138889;0.11778563;0.029558802;0.547000993;0.739595155;-0.603304661;1.828150246;49.28;3117.96;1.402826855;1.53;1.53;36.72;1.24;0.42;3.603321566;0.65;2.06;1.236298215;0.424243209;0.654264739;2.055605548;1530;0.228;0.477945462;-1.4765173;4.37767298;1.163640732;0.228;228.432;0.477493455;-1.47840965;4.385964912;1.163775615;15.11396705;5.431238573;0.41;0.640312424;-0.891598119;2.43902439;0.457424847;1.52;1.19;1.090871211;0.173953307;0.840336134;228.43;228.43;0.31;0.77;0;;1068.73;32.69143619;6.974226307;0.00093569;1.06873;25.64952;0.066471028;3.244524858;0.112;8.91;2.984962311;2.187174241;0.112233446;6.691;2.586693074;1.900760509;0.149454914;2597.163;50.96236847;7.862174974;0.000385036;2.597163;62.331912;4.679;2.163099628;1.543084412;0.213720881;11.37
P;4;O2;1;AL;17.9;17.9;4.23083916;2.884800713;0.055865922;2.406945108;4.23083916;0.055865922;2.884800713;504.2;504.2;22.45439823;6.222973015;0.00198334;22.45439823;6.222973015;0.00198334;3.526360525;63.7;63.7;7.981227976;4.154184563;0.015698587;7.981227976;4.154184563;0.015698587;1.609437912;2.240139677;1.496709617;0.80653822;0.446400736;2.194710066;380.29;380.29;19.50102561;5.94093412;0.002629572;19.50102561;5.94093412;0.002629572;4.21464295;32.9094;5.736671509;3.493758331;0.030386455;7.92;7.92;2.814249456;2.069391206;0.126262626;0.470003629;0.565683261;0.75211918;-0.569720967;1.767773715;225.08;3010.08;1.503787879;2.03;2.03;48.72;1.42;0.71;3.886089623;0.49;1.99;1.423653634;0.706453098;0.493391108;1.989682347;2030;0.547;0.739586796;-0.603327264;1.828191569;1.058835363;0.547;546.989;0.739594483;-0.603306477;1.828153565;1.058831419;23.38779596;6.304428693;0.8;0.894427191;-0.223143551;1.25;0.173953307;0.87;0.82;0.905538514;-0.198450939;1.219512195;546.99;546.99;1.88;0.6;32.14;0.12;8300.222;91.10555417;9.02403754;0.000120479;8.300222;199.205328;2.116282261;5.294336092;0.364;2.75;1.658312395;1.011600912;0.363636364;3.705;1.924931112;1.309780362;0.269879326;10327.012;101.6219071;9.242518266;9.68E-05;10.327012;247.848288;15.174;3.895381881;2.719583437;0.065902201;18.88
P;4;O2;2;AL;22.5;22.5;4.74341649;3.113515309;0.044444444;1.871802177;4.74341649;0.044444444;3.113515309;519.9;519.9;22.80131575;6.253636485;0.001923447;22.80131575;6.253636485;0.001923447;2.90690106;63.5;63.5;7.968688725;4.151039906;0.015748031;7.968688725;4.151039906;0.015748031;1.648658626;4.781142865;2.186582462;1.564679611;0.209155013;1.861968544;355.26;355.26;18.8483421;5.872849916;0.00281484;18.8483421;5.872849916;0.00281484;4.529368473;26.92269;5.188707932;3.292969425;0.037143391;8.19;8.19;2.861817604;2.102913898;0.122100122;0.285178942;0.512492787;0.715886015;-0.668468642;1.951246974;108.74;2908.66;1.454212454;0.55;0.55;13.2;0.74;-0.59;2.58021683;1.81;2.17;0.743728891;-0.592157408;1.807884557;2.173258259;550;0.05;0.223606798;-2.995732274;20;1.217875709;0.05;50;0.223606798;-2.995732274;20;1.217875709;7.071067812;3.912023005;0.36;0.6;-1.021651248;2.777777778;0.488580015;0.86;0.87;0.932737905;-0.139262067;1.149425287;50;50;1.55;0.24;12.4;0.04;316.08;17.77863887;5.755995346;0.003163756;0.31608;7.58592;-1.151759933;2.026293897;0.152;6.59;2.567099531;1.885553349;0.151745068;11.063;3.326056715;2.403574865;0.090394228;869.213;29.48241849;6.767588205;0.001150466;0.869213;20.861112;6.322;2.514358765;1.844035614;0.158177792;17.384
P;4;O2;3;;19;19;4.358898944;2.944438979;0.052631579;2.302585093;4.358898944;0.052631579;2.944438979;492.8;492.8;22.19909908;6.200103412;0.002029221;22.19909908;6.200103412;0.002029221;3.815512105;59.8;59.8;7.733045972;4.091005661;0.016722408;7.733045972;4.091005661;0.016722408;2.186051277;7.640179173;2.764087403;2.033421055;0.130886983;1.274624631;382.71;382.71;19.56297523;5.947277522;0.002612945;19.56297523;5.947277522;0.002612945;4.178226046;30.24864;5.499876362;3.409451225;0.033059338;8.24;8.24;2.870540019;2.109000344;0.121359223;0.246860078;0.582452313;0.763185635;-0.540507963;1.716878752;64.5;3153.84;1.44538835;0.9;0.9;21.6;0.95;-0.11;3.072693315;1.11;2.13;0.947800322;-0.10722286;1.113182311;2.133180695;900;0.158;0.39690743;-1.8481044;6.347775266;1.185543368;0.158;157.536;0.397492138;-1.845160246;6.329113924;1.185401419;12.55133459;5.059654004;0.02;0.141421356;-3.912023005;50;0.678033543;10.98;10.66;3.264965543;2.366498419;0.09380863;157.54;157.54;2.4;0.07;0.52;0.25;14.109;3.756194883;2.646812892;0.070876745;0.014109;0.338616;-4.260942387;-1.082888557;0.002;465.22;21.56895918;6.142510412;0.002149521;5.702;2.387963164;1.74088154;0.175365741;912.435;30.20653903;6.81611685;0.001095968;0.912435;21.89844;0.09;0.3;-2.407945609;11.11111111;5.792
P;4;O2;4;PL;15.1;15.1;3.885871846;2.714694744;0.066225166;2.63188884;3.885871846;0.066225166;2.714694744;493.5;493.5;22.21485989;6.201522859;0.002026342;22.21485989;6.201522859;0.002026342;3.799973502;60.5;60.5;7.778174593;4.102643365;0.016528926;7.778174593;4.102643365;0.016528926;2.104134154;4.596131203;2.143858951;1.525214907;0.217574294;1.890307779;392.98;392.98;19.82372316;5.97375872;0.002544659;19.82372316;5.97375872;0.002544659;4.006969483;38.14923;6.176506294;3.641505574;0.026212849;8.16;8.16;2.856571371;2.099244169;0.12254902;0.3074847;0.597234043;0.772809189;-0.515446211;1.674385464;107.37;3205.55;1.459558824;1.16;1.16;27.84;1.08;0.15;3.326473835;0.86;2.1;1.076875159;0.148126951;0.862321635;2.101733701;1160;0.154;0.392086171;-1.872547279;6.504844971;1.186705102;0.154;153.732;0.392428337;-1.870802677;6.493506494;1.186623166;12.39887092;5.035210827;0.04;0.2;-3.218875825;25;0.667829373;1.9;1.94;1.392838828;0.662687973;0.515463918;153.73;153.73;0.31;0.18;0;;43.605;6.603408211;3.775171823;0.02293315;0.043605;1.04652;-3.132583456;0.045470374;0.007;146.9;12.12023102;4.989752083;0.006807352;7.543;2.746526755;2.020674231;0.132566055;1203.265;34.68811035;7.092793974;0.000831072;1.203265;28.87836;0.284;0.532916504;-1.258781041;3.521126761;7.827
P;4;O2;5;PL;19.9;19.9;4.460941605;2.990719732;0.050251256;2.208274414;4.460941605;0.050251256;2.990719732;507.3;507.3;22.52332125;6.229102545;0.00197122;22.52332125;6.229102545;0.00197122;3.430756184;61.6;61.6;7.848566748;4.120661871;0.016233766;7.848566748;4.120661871;0.016233766;1.960094784;3.807273584;1.951223612;1.336913338;0.262655146;2.002866055;371.61;371.61;19.27718859;5.917844917;0.002690993;19.27718859;5.917844917;0.002690993;4.335328032;29.74683;5.454065456;3.392722572;0.033617027;8.23;8.23;2.868797658;2.107786015;0.121506683;0.254642218;0.54939385;0.74121107;-0.598939699;1.820187831;133.24;3060.35;1.447144593;1.54;1.54;36.96;1.24;0.43;3.609836247;0.65;2.06;1.239221232;0.428966287;0.651181882;2.054678802;1540;0.155;0.393317942;-1.866273964;6.46416576;1.186409772;0.155;154.699;0.393700394;-1.864330162;6.451612903;1.186317869;12.43780527;5.041481293;0.08;0.282842712;-2.525728644;12.5;0.647103242;2.48;3.14;1.772004515;1.1442228;0.318471338;154.7;154.7;0.24;0.47;0;;132.667;11.51811617;4.887842229;0.00753767;0.132667;3.184008;-2.01991305;1.158140781;0.021;48.59;6.970652767;3.883417748;0.020580366;9.927;3.150685745;2.295240252;0.100737188;1668.337;40.84528125;7.419582601;0.000599399;1.668337;40.040088;0.858;0.926282894;-0.153151179;1.165501166;10.784
T;6;O2;4;;;;;;;;;;;;;;;;;;;;;;;;;;;;;;;;;;;;;;;;;;;;;;;;;;;;;;;;;;;;1.48;1.48;35.52;1.22;0.39;3.570095918;0.68;2.06;1.216822109;0.392485264;0.675376299;2.061703137;1480;0.115;0.339624281;-2.159830658;8.669669398;1.198353651;0.115;115.345;0.339116499;-2.162823151;8.695652174;1.198457624;10.73987896;4.747927637;0.02;0.141421356;-3.912023005;50;0.678033543;2.17;2.18;1.476482306;0.779324877;0.458715596;115.34;115.34;0.78;0.06;0.05;0.5;36.285;6.02370318;3.591404433;0.027559598;0.036285;0.87084;-3.316350846;-0.138297016;0.008;132.45;11.50869237;4.886205216;0.007550019;12.837;3.582847808;2.552315922;0.077901044;1516.941;38.94792677;7.324451086;0.000659221;1.516941;36.406584;0.315;0.561248608;-1.15518264;3.174603175;13.151
T;6;O2;5;;;;;;;;;;;;;;;;;;;;;;;;;;;;;;;;;;;;;;;;;;;;;;;;;;;;;;;;;;;;1.44;1.44;34.56;1.2;0.37;3.542696944;0.69;2.07;1.201159859;0.366575278;0.693103959;2.066510165;1440;0.05;0.223606798;-2.995732274;20;1.217875709;0.05;50;0.223606798;-2.995732274;20;1.217875709;7.071067812;3.912023005;0.01;0.1;-4.605170186;100;0.683096845;2.74;3.27;1.808314132;1.184789985;0.305810398;50;50;0.8;0.02;0;;9.742;3.121217711;2.276446435;0.102648327;0.009742;0.233808;-4.631308844;-1.453255013;0.005;213.85;14.62361105;5.365274835;0.004676175;28.856;5.371750192;3.362307551;0.034655198;1452.527;38.11203222;7.281060077;0.000688455;1.452527;34.860648;0.195;0.441588043;-1.63475572;5.128205128;29.051
T;7;O2;4;;;;;;;;;;;;;;;;;;;;;;;;;;;;;;;;;;;;;;;;;;;;;;;;;;;;;;;;;;;;1.51;1.51;36.24;1.23;0.41;3.590163481;0.66;2.06;1.227613683;0.410144379;0.66355444;2.058341065;1510;0.079;0.281090339;-2.538158339;12.65634081;1.209255294;0.079;79.012;0.281069386;-2.538307427;12.65822785;1.209258809;8.888869444;4.36959974;0.01;0.1;-4.605170186;100;0.683096845;2.18;2.03;1.424780685;0.708035793;0.492610837;79.01;79.01;0.54;0.05;1.04;0.03;21.124;4.596085291;3.050409835;0.047339519;0.021124;0.506976;-3.857345444;-0.679291614;0.006;155.85;12.48398975;5.048894006;0.006416426;19.074;4.367327906;2.948302718;0.052428617;1528.159;39.09167431;7.331819022;0.000654382;1.528159;36.675816;0.267;0.516720427;-1.320506621;3.745318352;19.341
T;7;O2;5;;;;;;;;;;;;;;;;;;;;;;;;;;;;;;;;;;;;;;;;;;;;;;;;;;;;;;;;;;;;1.93;1.93;46.32;1.39;0.66;3.835573833;0.52;2;1.390788763;0.659742083;0.516984656;2.002250867;1930;0.164;0.405347555;-1.806020841;6.086181299;1.183472102;0.164;164.307;0.404969135;-1.807888851;6.097560976;1.183565995;12.81822921;5.101736629;0.05;0.223606798;-2.995732274;20;0.662687973;2.01;1.84;1.356465997;0.609765572;0.543478261;164.31;164.31;0.68;0.14;1.21;0.09;109.123;10.44619548;4.692475686;0.009163971;0.109123;2.618952;-2.215279593;0.962774238;0.016;62.74;7.920858539;4.138999203;0.015938795;11.772;3.431101895;2.465762924;0.084944012;2043.416;45.2041591;7.622378196;0.000489377;2.043416;49.041984;0.664;0.814861951;-0.40947313;1.506024096;12.437
T;8;O2;4;;;;;;;;;;;;;;;;;;;;;;;;;;;;;;;;;;;;;;;;;;;;;;;;;;;;;;;;;;;;1.19;1.19;28.56;1.09;0.18;3.352007137;0.84;2.1;1.091720436;0.175509666;0.839029287;2.097790477;1190;0.386;0.621653333;-0.95074537;2.587637687;1.113023656;0.386;386.453;0.621288983;-0.95191791;2.590673575;1.11317244;19.65840787;5.957010256;0.14;0.374165739;-1.966112856;7.142857143;0.615185639;2.01;1.96;1.4;0.672944473;0.510204082;386.45;386.45;0.61;0.33;1.02;0.23;187.078;13.677646;5.231525642;0.005345364;0.187078;4.489872;-1.676229637;1.501824194;0.012;86.07;9.277391875;4.455160919;0.01161845;3.084;1.756156331;1.126255036;0.324245272;1378.932;37.13397366;7.229064565;0.000725199;1.378932;33.094368;0.484;0.695701085;-0.725670372;2.066115702;3.568
T;8;O2;5;;;;;;;;;;;;;;;;;;;;;;;;;;;;;;;;;;;;;;;;;;;;;;;;;;;;;;;;;;;;1.23;1.23;29.52;1.11;0.2;3.385068;0.81;2.09;1.107747357;0.20465709;0.814926715;2.093454869;1230;0.05;0.223606798;-2.995732274;20;1.217875709;0.05;50;0.223606798;-2.995732274;20;1.217875709;7.071067812;3.912023005;0.01;0.1;-4.605170186;100;0.683096845;1.84;2.93;1.711724277;1.075002423;0.341296928;50;50;0.58;0.02;0.85;0.02;9.953;3.154837555;2.297874013;0.100472219;0.009953;0.238872;-4.609881266;-1.431827435;0.005;209.31;14.4675499;5.343816407;0.004777603;24.542;4.953996783;3.200389363;0.040746336;1237.057;35.17182111;7.120490451;0.00080837;1.237057;29.689368;0.199;0.44609416;-1.614450454;5.025125628;24.741
T;9;O2;4;;;;;;;;;;;;;;;;;;;;;;;;;;;;;;;;;;;;;;;;;;;;;;;;;;;;;;;;;;;;1.29;1.29;30.96;1.14;0.26;3.432696049;0.77;2.09;1.13793671;0.258433439;0.772260432;2.085063216;1290;0.101;0.31793667;-2.291806137;9.892789283;1.202646808;0.101;101.084;0.317804972;-2.292634762;9.900990099;1.202671959;10.05405391;4.615951854;0.07;0.264575131;-2.659260037;14.28571429;0.652325186;1.87;3.22;1.794435844;1.16938136;0.310559006;101.08;101.08;0.38;0.27;0.65;0.18;98.513;9.92537153;4.590188519;0.010150945;0.098513;2.364312;-2.31756676;0.860487071;0.023;42.75;6.538348415;3.755369195;0.023391813;12.81;3.57913012;2.550239575;0.078062962;1393.413;37.3284476;7.239511412;0.000717662;1.393413;33.441912;0.975;0.987420883;-0.025317808;1.025641026;13.785
T;9;O2;5;;;;;;;;;;;;;;;;;;;;;;;;;;;;;;;;;;;;;;;;;;;;;;;;;;;;;;;;;;;;1.24;1.24;29.76;1.11;0.21;3.39316521;0.81;2.09;1.11343975;0.214908195;0.806615488;2.091895163;1240;0.05;0.223606798;-2.995732274;20;1.217875709;0.05;50;0.223606798;-2.995732274;20;1.217875709;7.071067812;3.912023005;0.01;0.1;-4.605170186;100;0.683096845;1.63;1.74;1.319090596;0.553885113;0.574712644;50;50;0.45;0.05;0.61;0.04;18.077;4.25170554;2.894640412;0.055318914;0.018077;0.433848;-4.013114867;-0.835061037;0.009;115.25;10.73545528;4.747103682;0.00867679;24.795;4.979453939;3.210640469;0.040330774;1257.825;35.46582862;7.137139318;0.000795023;1.257825;30.1878;0.362;0.601664358;-1.016111067;2.762430939;25.157
T;6;N2;0;;5.4;5.4;2.323790008;1.686398954;0.185185185;3.161246712;2.323790008;0.185185185;1.686398954;456.8;456.8;21.37288001;6.124245658;0.002189142;21.37288001;6.124245658;0.002189142;4.399375273;63.2;63.2;7.949842766;4.146304301;0.015822785;7.949842766;4.146304301;0.015822785;1.704748092;0.918576603;0.95842402;-0.084929978;1.088640835;2.332043006;446.96;446.96;21.14142852;6.102469105;0.002237337;21.14142852;6.102469105;0.002237337;0;98.94993;9.947357941;4.594613965;0.010106121;7.23;7.23;2.688865932;1.978239036;0.138312586;0.828551818;0.733844133;0.856647029;-0.309458626;1.362687191;497.29;3230.56;1.647302905;0.19;0.19;4.56;0.44;-1.64;1.517322624;5.17;2.21;0.440004825;-1.641939175;5.165175985;2.213359895;190;1.088;1.043156344;0.084502127;0.918969701;0.850930472;1.088;1088.175;1.043072385;0.084341148;0.919117647;0.851005265;32.98749763;6.99225726;;;;;;24.62;26.53;5.150728104;3.278276168;0.037693178;1088.18;1088.18;3.64;;0.11;;;;;;;;;;;;;;;0.178;0.421801417;-1.726441301;5.620616196;193.604;13.91416544;5.265814836;0.005165183;0.193604;4.646496;;;;;0.178
T;6;N2;1;;21.7;21.7;4.65832588;3.077312261;0.046082949;1.987874348;4.65832588;0.046082949;3.077312261;525;525;22.91287847;6.263398263;0.001904762;22.91287847;6.263398263;0.001904762;2.58021683;66.5;66.5;8.154753215;4.197201948;0.015037594;8.154753215;4.197201948;0.015037594;0.78845736;2.581535244;1.60671567;0.948384278;0.387366395;2.155939774;350.51;350.51;18.7219123;5.859389237;0.002852986;18.7219123;5.859389237;0.002852986;4.579339426;28.2414;5.314263825;3.340788986;0.035409009;7.9;7.9;2.810693865;2.066862759;0.126582278;0.482426149;0.500728571;0.707621771;-0.691691099;1.997089956;203.37;2767.18;1.507594937;0.07;0.07;1.68;0.26;-2.68;0.518793793;14.52;2.23;0.262395216;-2.675806905;14.52406465;2.226907293;70;0.05;0.223606798;-2.995732274;20;1.217875709;0.05;50;0.223606798;-2.995732274;20;1.217875709;7.071067812;3.912023005;0.85;0.921954446;-0.162518929;1.176470588;0.131028262;1.8;1.62;1.272792206;0.482426149;0.617283951;50;50;1.67;0.85;0.3;0.97;375.771;19.38481364;5.928979915;0.002661195;0.375771;9.018504;-0.978775364;2.199278467;0.18;5.54;2.353720459;1.711994501;0.180505415;1.377;1.173467082;0.319925369;0.726203232;444.622;21.08606175;6.097224483;0.002249101;0.444622;10.670928;7.515;2.741350032;2.016901023;0.133067199;8.892
T;6;N2;2;;23.2;23.2;4.816637832;3.144152279;0.043103448;1.757857918;4.816637832;0.043103448;3.144152279;;513.9;22.66936258;6.242028694;0.001945904;;;0.001945904;;64.4;64.4;8.024961059;4.165113633;0.01552795;8.024961059;4.165113633;0.01552795;1.458615023;3.171825735;1.780962025;1.154307364;0.315275833;2.085139249;;364.25;19.08533468;5.897840445;0.002745367;19.08533468;5.897840445;0.002745367;;25.84905;5.084196102;3.25227385;0.038686141;7.98;7.98;2.824889378;2.076938411;0.125313283;0.431782416;0.531596614;0.729106723;-0.631870322;1.881125601;162.02;2906.65;1.492481203;0.08;0.08;1.92;0.29;-2.48;0.652325186;12;2.23;0.288720401;-2.48459306;11.99623752;2.225341189;80;0.995;0.997412728;-0.005181249;1.005194695;0.890015686;0.995;994.832;0.997496867;-0.005012542;1.005025126;0.889946757;31.5409575;6.902573879;0.88;0.938083152;-0.127833372;1.136363636;0.104360015;5.59;5.62;2.370653918;1.726331664;0.177935943;994.83;994.83;2.13;0.95;0.39;0.99;583.874;24.16348485;6.369685206;0.001712698;0.583874;14.012976;-0.538070073;2.639983757;0.014;70.99;8.425556361;4.262539022;0.014086491;0.084;0.289469337;-2.479411811;11.93424276;667.233;25.83085364;6.50313931;0.001498727;0.667233;16.013592;0.587;0.766159252;-0.532730459;1.703577513;0.671
T;6;N2;4;;20.1;20.1;4.483302354;3.000719815;0.049751244;2.186051277;4.483302354;0.049751244;3.000719815;503.7;503.7;22.4432618;6.221980853;0.001985309;22.4432618;6.221980853;0.001985309;3.540959324;60.5;60.5;7.778174593;4.102643365;0.016528926;7.778174593;4.102643365;0.016528926;2.104134154;3.204428638;1.790091796;1.164533802;0.312068114;2.081078808;373.19;373.19;19.3181262;5.922087673;0.0026796;19.3181262;5.922087673;0.0026796;4.314416735;29.21001;5.404628572;3.374511459;0.034234839;8.32;8.32;2.88444102;2.118662255;0.120192308;0.182321557;0.55567302;0.745434786;-0.587575251;1.799619496;157.19;3107.04;1.431490385;;0.16;3.84;0.4;-1.81;1.345472367;6.1;2.22;;;;;160;0.05;0.223606798;-2.995732274;20;1.217875709;0.05;50;0.223606798;-2.995732274;20;1.217875709;7.071067812;3.912023005;0.08;0.282842712;-2.525728644;12.5;0.647103242;8.36;8.72;2.952964612;2.165619238;0.114678899;50;50;1.03;0.4;0.07;0.91;13.712;3.70297178;2.618271362;0.072928821;0.013712;0.329088;-4.289483917;-1.111430087;0.007;151.94;12.32639444;5.023485706;0.006581545;3.278;1.810652325;1.187374362;0.305021089;177.635;13.32797809;5.179730883;0.005629521;0.177635;4.26324;0.274;0.523450093;-1.294627173;3.649635036;3.553
T;6;N2;5;;19.1;19.1;4.370354677;2.949688335;0.052356021;2.292534757;4.370354677;0.052356021;2.949688335;506.5;506.5;22.50555487;6.227524324;0.001974334;22.50555487;6.227524324;0.001974334;3.456316681;61.3;61.3;7.829431652;4.115779843;0.016313214;7.829431652;4.115779843;0.016313214;2.00148;2.38069598;1.542950414;0.867392874;0.420045234;2.178929519;372.86;372.86;19.30958311;5.921203014;0.002681972;19.30958311;5.921203014;0.002681972;4.318820559;30.99552;5.567362032;3.433842678;0.032262727;8.26;8.26;2.874021573;2.111424588;0.121065375;0.231111721;0.552112537;0.743042756;-0.594003382;1.811224946;212.75;3080.81;1.44188862;0.16;0.16;3.84;0.41;-1.81;1.345472367;6.08;2.22;0.405428982;-1.805619114;6.083736811;2.216550767;160;0.103;0.321454093;-2.269801072;9.677475497;1.201970982;0.103;103.333;0.320936131;-2.273026291;9.708737864;1.202070997;10.16528406;4.637956783;0.07;0.264575131;-2.659260037;14.28571429;0.652325186;7;8.24;2.870540019;2.109000344;0.121359223;103.33;103.33;0.92;0.39;0;;12.976;3.602221537;2.563101497;0.077065351;0.012976;0.311424;-4.344653782;-1.166599951;0.003;331.81;18.21565261;5.804562516;0.003013773;1.591;1.261234469;0.464181957;0.628649157;177.349;13.31724446;5.178119543;0.0056386;0.177349;4.256376;0.126;0.354964787;-2.071473372;7.936507937;1.716
T;7;N2;0;;13;13;3.605551275;2.564949357;0.076923077;2.772588722;3.605551275;0.076923077;2.564949357;458.8;458.8;21.41961718;6.128614385;0.002179599;21.41961718;6.128614385;0.002179599;4.374498368;62.2;62.2;7.886697661;4.130355;0.01607717;7.886697661;4.130355;0.01607717;1.871802177;2.720811359;1.649488211;1.00093013;0.367537425;2.139680929;429.35;429.35;20.72076253;6.062272437;0.002329102;20.72076253;6.062272437;0.002329102;2.923699071;41.11341;6.411973955;3.716334346;0.024322964;7.38;7.38;2.716615541;1.998773639;0.135501355;0.760805829;0.701858108;0.837769723;-0.354024021;1.424789411;168.63;3166.97;1.613821138;0.17;0.17;4.08;0.42;-1.75;1.406096988;5.73;2.22;0.417876093;-1.745140638;5.726706814;2.215433296;170;0.501;0.707666444;-0.69156484;1.996837822;1.074732149;0.501;500.792;0.707813535;-0.691149178;1.996007984;1.074661068;22.37838243;6.216190845;0.43;0.655743852;-0.84397007;2.325581395;0.444685821;7.91;8.93;2.988310559;2.189416395;0.111982083;500.79;500.79;3.94;0.61;14.66;0.29;130.489;11.42317819;4.871288932;0.007663481;0.130489;3.131736;-2.036466347;1.141587483;0.006;159.91;12.64555258;5.074611157;0.006253518;0.349;0.590498668;-1.053575798;2.867887793;305.109;17.46736958;5.72066909;0.003277517;0.305109;7.322616;0.261;0.510881591;-1.343234872;3.831417625;0.609
T;7;N2;1;;21.7;21.7;4.65832588;3.077312261;0.046082949;1.987874348;4.65832588;0.046082949;3.077312261;537.2;537.2;23.17757537;6.286370465;0.001861504;23.17757537;6.286370465;0.001861504;0;67.7;67.7;8.228000972;4.21508618;0.014771049;8.228000972;4.21508618;0.014771049;0;3.513762841;1.874503358;1.256687498;0.284595189;2.041710424;332.81;332.81;18.24308088;5.807571757;0.003004717;18.24308088;5.807571757;0.003004717;4.746235626;28.88325;5.37431391;3.363261842;0.034622143;7.94;7.94;2.817800561;2.071913275;0.125944584;0.457424847;0.464645383;0.681649017;-0.766480782;2.152178923;152.88;2640.85;1.5;0.03;0.03;0.72;0.17;-3.56;-0.328504067;35.25;2.23;0.168440923;-3.562340388;35.24558905;2.231263905;30;;;;;;0.321;321.355;0.566568619;-1.136314156;3.115264798;1.134301131;17.92637721;5.772546431;0.99;0.994987437;-0.010050336;1.01010101;0;1.82;1.87;1.367479433;0.625938431;0.534759358;321.35;321.35;1.97;0.99;0.63;1;4413.33;66.43289848;8.392384786;0.000226586;4.41333;105.91992;1.484629507;4.662683337;0.33;3.03;1.740689519;1.10856262;0.330033003;0.088;0.297135999;-2.427130674;11.32633645;4441.703;66.64610266;8.39879314;0.000225139;4.441703;106.600872;13.734;3.705941176;2.61987451;0.072811999;13.822
T;7;N2;2;;24.6;24.6;4.959838707;3.202746443;0.040650407;1.481604541;4.959838707;0.040650407;3.202746443;529.6;529.6;23.01303978;6.272122005;0.001888218;23.01303978;6.272122005;0.001888218;2.151762203;64.1;64.1;8.00624756;4.160444364;0.015600624;8.00624756;4.160444364;0.015600624;1.526056303;4.735516833;2.176124269;1.555090872;0.211170192;1.869032293;344.13;344.13;18.55074123;5.841019493;0.002905879;18.55074123;5.841019493;0.002905879;4.642754946;25.14885;5.014862909;3.22481217;0.03976325;;8.26;2.874021573;2.111424588;0.121065375;0.231111721;0.487344222;0.698100438;-0.718784584;2.051937737;111.84;2843.23;1.44188862;0.04;0.04;0.96;0.2;-3.19;-0.040821995;24.18;2.23;0.20337046;-3.185452076;24.17821632;2.229868202;40;0.05;0.223606798;-2.995732274;20;1.217875709;0.05;50;0.223606798;-2.995732274;20;1.217875709;7.071067812;3.912023005;0.94;0.969535971;-0.061875404;1.063829787;0.048790164;1.04;1.09;1.044030651;0.086177696;0.917431193;50;50;0.95;0.95;0.98;0.95;691.965;26.30522762;6.539535376;0.00144516;0.691965;16.60716;-0.368219903;2.809833928;0.332;3.01;1.734935157;1.101940079;0.332225914;0.827;0.909500346;-0.189719802;1.208910816;733.324;27.07995569;6.597587623;0.001363654;0.733324;17.599776;13.839;3.720080644;2.627490693;0.072259556;14.666
T;7;N2;4;;17.4;17.4;4.171330723;2.856470206;0.057471264;2.451005098;4.171330723;0.057471264;2.856470206;505.3;505.3;22.47887898;6.225152312;0.001979022;22.47887898;6.225152312;0.001979022;3.493472658;59.8;59.8;7.733045972;4.091005661;0.016722408;7.733045972;4.091005661;0.016722408;2.186051277;4.327099476;2.080168136;1.464897451;0.23110169;1.930134657;371.58;371.58;19.27641045;5.917764184;0.002691211;19.27641045;5.917764184;0.002691211;4.335720882;33.90135;5.822486582;3.523454837;0.02949735;8.45;8.45;2.906888371;2.134166441;0.118343195;0.067658648;0.551523847;0.742646516;-0.595070201;1.813158226;116.78;3139.79;1.409467456;0.09;0.09;2.16;0.3;-2.42;0.770108222;11.27;2.23;0.297830652;-2.422460475;11.27356353;2.224763747;90;0.17;0.412422904;-1.771411978;5.879148733;1.181698774;0.17;170.093;0.412310563;-1.771956842;5.882352941;1.181727195;13.04197071;5.136345346;0.2;0.447213595;-1.609437912;5;0.58221562;3.75;3.57;1.889444363;1.272565596;0.280112045;170.09;170.09;0.72;0.58;1.38;0.42;21.91;4.680811895;3.086943154;0.04564126;0.02191;0.52584;-3.820812125;-0.642758295;0.003;323.46;17.98499374;5.779075459;0.003091572;0.521;0.722148669;-0.651048496;1.91755032;110.613;10.51727151;4.706037623;0.009040529;0.110613;2.654712;0.129;0.3591657;-2.047942875;7.751937984;0.65
T;7;N2;5;;17.5;17.5;4.183300133;2.862200881;0.057142857;2.442347035;4.183300133;0.057142857;2.862200881;496.2;496.2;22.27554713;6.206979071;0.002015316;22.27554713;6.206979071;0.002015316;3.737669618;60.1;60.1;7.752418977;4.096009842;0.016638935;7.752418977;4.096009842;0.016638935;2.151762203;4.306617934;2.075239247;1.460152894;0.23220077;1.933102706;369.09;369.09;19.21171518;5.911040517;0.002709366;19.21171518;5.911040517;0.002709366;4.367800927;33.03777;5.747849163;3.497651452;0.030268387;8.25;8.25;2.872281323;2.1102132;0.121212121;0.2390169;0.557874849;0.746910201;-0.583620627;1.79251673;115.22;3047.3;1.443636364;0.31;0.31;7.44;0.56;-1.17;2.006870849;3.22;2.2;0.557505293;-1.168566563;3.217377424;2.200462424;310;0.05;0.223606798;-2.995732274;20;1.217875709;0.05;50;0.223606798;-2.995732274;20;1.217875709;7.071067812;3.912023005;0.01;0.1;-4.605170186;100;0.683096845;8.78;8.69;2.947880595;2.162172939;0.115074799;50;50;0.88;0.11;1.56;0.07;3.992;1.997998999;1.384292358;0.250501002;0.003992;0.095808;-5.523462921;-2.34540909;0.002;521.85;22.84403642;6.25738019;0.001916259;6.216;2.493239466;1.82716571;0.160868871;314.804;17.74271682;5.751950223;0.00317658;0.314804;7.555296;0.08;0.282842712;-2.525728644;12.5;6.296
T;8;N2;0;;6.8;6.8;2.607680962;1.916922612;0.147058824;3.100092289;2.607680962;0.147058824;1.916922612;445.2;445.2;21.09976303;6.098523619;0.002246181;21.09976303;6.098523619;0.002246181;4.532599493;61.7;61.7;7.854934755;4.122283931;0.016207455;7.854934755;4.122283931;0.016207455;1.945910149;1.813079693;1.346506477;0.595026887;0.551547736;2.241183812;443.27;443.27;21.05397825;6.094179065;0.002255961;21.05397825;6.094179065;0.002255961;1.545432582;75.99504;8.717513407;4.330668075;0.013158754;7.21;7.21;2.685144316;1.975468951;0.138696255;0.837247525;0.746748652;0.864146198;-0.292026627;1.339138674;245.55;3198.44;1.651872399;;0.09;2.16;0.3;-2.4;0.770108222;11.04;2.23;;;;;90;0.452;0.672272314;-0.794183582;2.212633825;1.091268702;0.452;451.95;0.672309453;-0.794073099;2.212389381;1.091251934;21.25911569;6.113571554;0.36;0.6;-1.021651248;2.777777778;0.488580015;19.23;18.34;4.282522621;2.909084467;0.054525627;451.95;451.95;2.1;0.83;7.86;0.57;50.111;7.078912346;3.914240545;0.019955698;0.050111;1.202664;-2.993514734;0.184539096;0.003;375.79;19.38530371;5.929030477;0.002661061;0.2;0.44764831;-1.607494755;4.990293645;140.676;11.86069138;4.946459374;0.007108533;0.140676;3.376224;0.111;0.333166625;-2.198225078;9.009009009;0.311
T;8;N2;1;;25.3;25.3;5.029910536;3.230804396;0.039525692;1.30833282;5.029910536;0.039525692;3.230804396;506.5;506.5;22.50555487;6.227524324;0.001974334;22.50555487;6.227524324;0.001974334;3.456316681;66;66;8.124038405;4.189654742;0.015151515;8.124038405;4.189654742;0.015151515;0.993251773;5.214242265;2.283471538;1.651393779;0.19178242;1.792308524;356.08;356.08;18.87008214;5.875155425;0.002808358;18.87008214;5.875155425;0.002808358;4.520483378;23.34;4.831148932;3.150168627;0.042844901;7.67;7.67;2.769476485;2.037316615;0.130378096;0.615185639;0.527265548;0.726130531;-0.640050971;1.896577548;97.14;2732.64;1.552803129;0.14;0.14;3.36;0.37;-1.98;1.211940974;7.24;2.22;0.371541827;-1.980187663;7.244102304;2.219416143;140;0.051;0.226137157;-2.973227149;19.55492454;1.217538962;0.051;51.138;0.225831796;-2.975929646;19.60784314;1.217579808;7.151083834;3.934527861;0.03;0.173205081;-3.506557897;33.33333333;0.672944473;4.93;4.51;2.123676058;1.506297154;0.22172949;51.14;51.14;2.21;0.06;5.86;0.02;3.811;1.952178271;1.337891622;0.262398321;0.003811;0.091464;-5.569863657;-2.391809827;0.002;559.05;23.6442382;6.326238915;0.001788749;2.699;1.642993271;0.993039487;0.370449003;141.855;11.91028967;4.954805409;0.007049452;0.141855;3.40452;0.075;0.273861279;-2.590267165;13.33333333;2.774
T;8;N2;2;;24.4;24.4;4.939635614;3.194583132;0.040983607;1.526056303;4.939635614;0.040983607;3.194583132;523.3;523.3;22.87575135;6.260154913;0.00191095;22.87575135;6.260154913;0.00191095;2.701361213;65.2;65.2;8.074651695;4.177459469;0.015337423;8.074651695;4.177459469;0.015337423;1.252762968;4.633126649;2.152469895;1.533231942;0.215836966;1.884704863;345.42;345.42;18.5854782;5.844761068;0.002895026;18.5854782;5.844761068;0.002895026;4.630252966;25.06716;5.006711496;3.221558623;0.039892832;8.03;8.03;2.833725463;2.083184528;0.124533001;0.39877612;0.495060195;0.703605141;-0.703075918;2.019956381;112.95;2772.37;1.483188045;0.08;0.08;1.92;0.28;-2.52;0.652325186;12.38;2.23;0.28421269;-2.516064824;12.37978405;2.225620152;80;0.05;0.223606798;-2.995732274;20;1.217875709;0.05;50;0.223606798;-2.995732274;20;1.217875709;7.071067812;3.912023005;0.13;0.360555128;-2.040220829;7.692307692;0.620576488;1.86;1.65;1.284523258;0.500775288;0.606060606;50;50;0.42;0.41;0.56;0.34;12.423;3.52462764;2.519549593;0.080495854;0.012423;0.298152;-4.388205686;-1.210151855;0.006;167.69;12.94951737;5.122117037;0.005963385;1.616;1.271037791;0.47966745;0.618989203;93.2;9.654014709;4.534747722;0.010729614;0.0932;2.2368;0.248;0.497995984;-1.394326533;4.032258065;1.864
T;8;N2;4;;20.3;20.3;4.50555213;3.010620886;0.049261084;2.163323026;4.50555213;0.049261084;3.010620886;509.3;509.3;22.567676;6.233037234;0.001963479;22.567676;6.233037234;0.001963479;3.363841595;60.2;60.2;7.758865897;4.097672352;0.016611296;7.758865897;4.097672352;0.016611296;2.140066163;7.045450618;2.654326773;1.952382106;0.141935563;1.428416362;367.05;367.05;19.15854901;5.905498079;0.002724424;19.15854901;5.905498079;0.002724424;4.393337426;29.22168;5.405708094;3.3749109;0.034221167;8.46;8.46;2.908607914;2.135349174;0.11820331;0.058268908;0.540521304;0.73520154;-0.615221227;1.850065839;72.29;3105.29;1.407801418;0.09;0.09;2.16;0.3;-2.42;0.770108222;11.21;2.23;0.298678705;-2.416773695;11.2096352;2.224709065;90;0.05;0.223606798;-2.995732274;20;1.217875709;0.05;50;0.223606798;-2.995732274;20;1.217875709;7.071067812;3.912023005;0.1;0.316227766;-2.302585093;10;0.636576829;3.31;3.19;1.78605711;1.160020917;0.313479624;50;50;0.77;0.32;1.29;0.22;9.94;3.152776554;2.296567021;0.100603622;0.00994;0.23856;-4.611188258;-1.433134428;0.005;209.59;14.47722349;5.345153241;0.00477122;1.784;1.335731777;0.578958579;0.56048176;99.149;9.957359088;4.596623769;0.01008583;0.099149;2.379576;0.199;0.44609416;-1.614450454;5.025125628;1.983
T;8;N2;5;;19.3;19.3;4.393176527;2.960105096;0.051813472;2.272125886;4.393176527;0.051813472;2.960105096;505.2;505.2;22.47665456;6.22495439;0.001979414;22.47665456;6.22495439;0.001979414;3.496507561;59.9;59.9;7.739509028;4.092676505;0.016694491;7.739509028;4.092676505;0.016694491;2.174751721;5.13965227;2.26708012;1.636985425;0.194565692;1.804656811;372.06;372.06;19.28885689;5.919055132;0.002687739;19.28885689;5.919055132;0.002687739;4.329416684;30.55206;5.52739179;3.419432114;0.032731017;8.43;8.43;2.903446228;2.131796772;0.118623962;0.086177696;0.552345606;0.743199573;-0.593581331;1.810460677;98.29;3137.98;1.412811388;0.12;0.12;2.88;0.35;-2.08;1.057790294;8.03;2.22;0.352840923;-2.083475934;8.032340334;2.220887205;120;0.131;0.362269256;-2.030735083;7.619685405;1.193546939;0.131;131.239;0.361939221;-2.032557956;7.633587786;1.193619392;11.45595915;4.877020088;0.49;0.7;-0.713349888;2.040816327;0.405465108;4.28;3.55;1.884144368;1.266947603;0.281690141;131.24;131.24;0.69;0.85;1.01;0.79;120.961;10.99822713;4.79546818;0.008267127;0.120961;2.903064;-2.112287099;1.065766731;0.022;45.21;6.72383819;3.811318301;0.022119;0.949;0.973974238;-0.052740851;1.054156426;245.458;15.66709928;5.503125853;0.004074017;0.245458;5.890992;0.922;0.960208311;-0.081210055;1.084598698;1.87
T;9;N2;0;;13.6;13.6;3.687817783;2.610069793;0.073529412;2.734367509;3.687817783;0.073529412;2.610069793;467.3;467.3;21.61712284;6.14697145;0.002139953;21.61712284;6.14697145;0.002139953;4.261270434;63.2;63.2;7.949842766;4.146304301;0.015822785;7.949842766;4.146304301;0.015822785;1.704748092;2.551336333;1.59729031;0.936617274;0.39195146;2.159430536;421.83;421.83;20.53850043;6.044602389;0.002370623;20.53850043;6.044602389;0.002370623;3.26308408;40.08645;6.331386104;3.691038372;0.024946085;7.39;7.39;2.718455444;2.000127735;0.135317997;0.75612198;0.677022256;0.822813622;-0.390051132;1.477056317;183.16;3119.01;1.611637348;0.18;0.18;4.32;0.42;-1.72;1.463255402;5.59;2.22;0.42281953;-1.721619667;5.593580868;2.214979755;180;0.716;0.846232742;-0.333921697;1.396433795;0.998383084;0.716;716.11;0.846167832;-0.334075112;1.396648045;0.998423561;26.76023169;6.573833786;0.43;0.655743852;-0.84397007;2.325581395;0.444685821;4.8;6.45;2.53968502;1.864080131;0.15503876;716.11;716.11;4.92;0.41;8.42;0.29;134.355;11.59116043;4.900485551;0.007442968;0.134355;3.22452;-2.007269728;1.170784102;0.005;222.08;14.90234881;5.403037677;0.004502882;0.25;0.499649221;-1.387697969;4.005618374;313.132;17.69553616;5.746624827;0.003193541;0.313132;7.515168;0.188;0.433589668;-1.671313316;5.319148936;0.437
T;9;N2;1;;;15.9;3.987480407;2.766319109;0.062893082;2.57261223;3.987480407;0.062893082;2.766319109;472.4;472.4;21.73476478;6.157826084;0.00211685;21.73476478;6.157826084;0.00211685;4.186619838;;61.7;7.854934755;4.122283931;0.016207455;7.854934755;4.122283931;0.016207455;;4.765465277;2.182994566;1.561395177;0.209843099;1.864401354;;413.1;20.32486162;6.023689694;0.002420721;20.32486162;6.023689694;0.002420721;;34.6599;5.887265919;3.545583399;0.028851785;7.66;7.66;2.767670501;2.036011984;0.130548303;0.620576488;0.655853091;0.809847573;-0.421818462;1.524731702;99.13;3162.86;1.554830287;0.09;0.09;2.16;0.3;-2.42;0.770108222;11.28;2.23;0.297700334;-2.423335781;11.28343568;2.224772136;90;0.066;0.2565041;-2.721221257;15.19887265;1.213191872;0.066;65.794;0.256904652;-2.718100537;15.15151515;1.213130742;8.111350073;4.186528649;0.35;0.591607978;-1.049822124;2.857142857;0.494696242;1.97;1.71;1.307669683;0.536493371;0.584795322;65.79;65.79;1.7;0.37;4.31;0.19;46.847;6.844486832;3.846886972;0.021346084;0.046847;1.124328;-3.060868306;0.117185524;0.017;58.52;7.6498366;4.069368576;0.017088175;1.347;1.160606529;0.297885476;0.742386356;135.473;11.63928692;4.908772358;0.007381545;0.135473;3.251352;0.712;0.843800924;-0.339677368;1.404494382;2.059
T;9;N2;2;;24;24;4.898979486;3.17805383;0.041666667;1.609437912;4.898979486;0.041666667;3.17805383;524.1;524.1;22.89323044;6.261682506;0.001908033;22.89323044;6.261682506;0.001908033;2.646174797;65.6;65.6;8.099382693;4.183575696;0.015243902;8.099382693;4.183575696;0.015243902;1.131402111;3.926377748;1.981508957;1.367717308;0.25468767;1.986662621;347.63;347.63;18.64483843;5.851138696;0.002876622;18.64483843;5.851138696;0.002876622;4.608464753;25.52229;5.051959026;3.239552188;0.039181437;7.98;7.98;2.824889378;2.076938411;0.125313283;0.431782416;0.497467086;0.705313466;-0.698225883;2.010183243;133.48;2777.33;1.492481203;0.13;0.13;3.12;0.36;-2.05;1.137833002;7.76;2.22;0.358978668;-2.048984627;7.760017795;2.220413004;130;0.05;0.223606798;-2.995732274;20;1.217875709;0.05;50;0.223606798;-2.995732274;20;1.217875709;7.071067812;3.912023005;0.93;0.964365076;-0.072570693;1.075268817;0.058268908;0.45;0.48;0.692820323;-0.733969175;2.083333333;50;50;0.61;0.91;2.02;0.76;1792.386;42.33657993;7.491302972;0.000557916;1.792386;43.017264;0.583547693;3.761601523;0.86;1.16;1.077032961;0.148420005;0.862068966;2.577;1.605401407;0.946747646;0.38800089;1921.252;43.8320887;7.560732336;0.000520494;1.921252;46.110048;35.848;5.987319935;3.579287777;0.027895559;38.425
T;9;N2;4;;19.3;19.3;4.393176527;2.960105096;0.051813472;2.272125886;4.393176527;0.051813472;2.960105096;502.6;502.6;22.41874216;6.219794625;0.001989654;22.41874216;6.219794625;0.001989654;3.572345638;59;59;7.681145748;4.077537444;0.016949153;7.681145748;4.077537444;0.016949153;2.272125886;7.533043198;2.744638992;2.019299103;0.132748475;1.304133285;377.8;377.8;19.43707797;5.934364955;0.002646903;19.43707797;5.934364955;0.002646903;4.250778348;30.36534;5.510475479;3.413301826;0.032932284;8.52;8.52;2.918903904;2.142416341;0.117370892;0;0.563768404;0.750845127;-0.573111743;1.773778014;66.72;3218.34;1.397887324;0.1;0.1;2.4;0.32;-2.31;0.875468737;10.04;2.22;0.315518912;-2.307073312;10.04498306;2.223590349;100;0.05;0.223606798;-2.995732274;20;1.217875709;0.05;50;0.223606798;-2.995732274;20;1.217875709;7.071067812;3.912023005;0.25;0.5;-1.386294361;4;0.553885113;0.8;0.88;0.938083152;-0.127833372;1.136363636;50;50;0.44;0.37;0.76;0.26;32.522;5.702806327;3.481916783;0.030748416;0.032522;0.780528;-3.425838496;-0.247784665;0.016;64.06;8.003749122;4.159820144;0.015610365;1.991;1.411043471;0.688658962;0.502249153;132.074;11.49234528;4.883362372;0.007571513;0.132074;3.169776;0.65;0.806225775;-0.430782916;1.538461538;2.641
T;9;N2;5;;17.7;17.7;4.207136794;2.87356464;0.056497175;2.424802726;4.207136794;0.056497175;2.87356464;498.6;498.6;22.32935288;6.211804171;0.002005616;22.32935288;6.211804171;0.002005616;3.678829118;59.2;59.2;7.694153625;4.080921542;0.016891892;7.694153625;4.080921542;0.016891892;2.251291799;6.756312077;2.599290687;1.91047719;0.148009741;1.495423487;;382.37;19.55428342;5.946388726;0.002615268;19.55428342;5.946388726;0.002615268;;32.95608;5.740738628;3.495175766;0.030343415;8.42;8.42;2.901723626;2.130609828;0.118764846;0.09531018;0.575165463;0.75839664;-0.553097518;1.738630124;73.8;3220.43;1.414489311;0.11;0.11;2.64;0.33;-2.25;0.970778917;9.44;2.22;0.325405041;-2.245369183;9.443901438;2.222904405;110;0.05;0.223606798;-2.995732274;20;1.217875709;0.05;50;0.223606798;-2.995732274;20;1.217875709;7.071067812;3.912023005;0.16;0.4;-1.832581464;6.25;0.604315967;1.54;1.85;1.360147051;0.615185639;0.540540541;50;50;0.54;0.37;0.72;0.3;20.54;4.532107677;3.022374205;0.048685492;0.02054;0.49296;-3.885381074;-0.707327244;0.01;101.43;10.0712462;4.619368905;0.009859016;2.118;1.455255586;0.750363091;0.472195072;126.428;11.24402063;4.839672976;0.00790964;0.126428;3.034272;0.411;0.641092817;-0.889162064;2.433090024;2.529
P;1;N2;4;PLN2;;;;;;;;;;;;;;;;;;;;;;;;;;;;;;;;;;;;;;;;;;;;;;;;;;;;;;;;;;;0.09;0.09;2.16;0.29;-2.45;0.770108222;11.56;2.23;0.294158105;-2.447275768;11.55682034;2.224998725;90;0.072;0.268093068;-2.63284218;13.91325774;1.211383112;0.072;71.874;0.268328157;-2.63108916;13.88888889;1.211345559;8.477853502;4.274914586;0.93;0.964365076;-0.072570693;1.075268817;0.058268908;0.47;0.43;0.655743852;-0.84397007;2.325581395;71.87;71.87;0.2;0.97;0.2;0.97;1160.256;34.06253073;7.056395949;0.000861879;1.160256;27.846144;0.14864067;3.326694501;0.387;2.58;1.60623784;0.947789399;0.387596899;1.204;1.097223838;0.185566411;0.83063367;1246.785;35.30984282;7.128323517;0.000802063;1.246785;29.92284;16.143;4.017835238;2.781486519;0.061946354;17.347
P;1;N2;5;PLN2;;;;;;;;;;;;;;;;;;;;;;;;;;;;;;;;;;;;;;;;;;;;;;;;;;;;;;;;;;;0.09;0.09;2.16;0.31;-2.36;0.770108222;10.55;2.23;0.307822538;-2.356463676;10.55356456;2.224109396;90;0.05;0.223606798;-2.995732274;20;1.217875709;0.05;50;0.223606798;-2.995732274;20;1.217875709;7.071067812;3.912023005;;;;;;0.4;0.39;0.6244998;-0.94160854;2.564102564;50;50;0.14;;0.16;;;;;;;;;;;;;;;1.895;1.376624239;0.639268597;0.527678228;94.755;9.734217996;4.551294613;0.010553533;0.094755;2.27412;;;;;1.895
P;2;N2;4;PLN2;;;;;;;;;;;;;;;;;;;;;;;;;;;;;;;;;;;;;;;;;;;;;;;;;;;;;;;;;;;0.07;0.07;1.68;0.27;-2.62;0.518793793;13.78;2.23;0.269344413;-2.623528748;13.78427912;2.226508648;70;0.348;0.58977052;-1.056043534;2.874973723;1.125634132;0.348;347.829;0.589915248;-1.055552799;2.873563218;1.125578737;18.65017426;5.85171098;0.51;0.714142843;-0.673344553;1.960784314;0.392042088;1.04;1.09;1.044030651;0.086177696;0.917431193;347.83;347.83;0.38;0.75;0.13;0.89;74.941;8.656847001;4.316701137;0.01334383;0.074941;1.798584;-2.591054142;0.586999689;0.005;193.39;13.90647331;5.264708875;0.005170898;0.209;0.456693584;-1.567485214;4.794575689;147.487;12.14442259;4.993740036;0.006780259;0.147487;3.539688;0.215;0.463680925;-1.537117251;4.651162791;0.424
P;2;N2;5;PLN2;;;;;;;;;;;;;;;;;;;;;;;;;;;;;;;;;;;;;;;;;;;;;;;;;;;;;;;;;;;0.07;0.07;1.68;0.26;-2.66;0.518793793;14.26;2.23;0.264855087;-2.657144891;14.25552986;2.226767391;70;0.233;0.483083568;-1.455131245;4.28504582;1.162097213;0.233;233.37;0.482700735;-1.456716825;4.291845494;1.16221287;15.27645247;5.452625177;0.46;0.678232998;-0.776528789;2.173913043;0.425267735;1.39;1.45;1.204159458;0.371563556;0.689655172;233.37;233.37;0.43;0.72;0.2;0.85;58.713;7.662440864;4.072661167;0.017032003;0.058713;1.409112;-2.835094112;0.342959719;0.006;165.62;12.86934342;5.109696008;0.006037918;0.301;0.548259358;-1.202013646;3.3268092;128.861;11.35169591;4.858734304;0.0077603;0.128861;3.092664;0.252;0.501996016;-1.378326191;3.968253968;0.552
P;3;N2;4;PLN2;;;;;;;;;;;;;;;;;;;;;;;;;;;;;;;;;;;;;;;;;;;;;;;;;;;;;;;;;;;0.04;0.04;0.96;0.2;-3.17;-0.040821995;23.83;2.23;0.204846743;-3.17098635;23.83097845;2.22980339;40;0.139;0.372896084;-1.972910988;7.191580655;1.191175824;0.139;139.051;0.372827038;-1.973281346;7.194244604;1.19119147;11.79198881;4.934840772;0.92;0.959166305;-0.083381609;1.086956522;0.067658648;0.76;0.85;0.921954446;-0.162518929;1.176470588;139.05;139.05;0.32;0.97;0;;467.429;21.62010638;6.147247466;0.002139362;0.467429;11.218296;-0.760507813;2.417546017;0.081;12.4;3.521363372;2.517696473;0.080645161;0.302;0.549340022;-1.198075361;3.313733043;509.391;22.56969207;6.233215895;0.001963129;0.509391;12.225384;3.362;1.833575742;1.212536035;0.297441999;3.663
P;3;N2;5;PLN2;;;;;;;;;;;;;;;;;;;;;;;;;;;;;;;;;;;;;;;;;;;;;;;;;;;;;;;;;;;0.07;0.07;1.68;0.26;-2.7;0.518793793;14.9;2.23;0.259033906;-2.70159263;14.90344851;2.227096323;70;0.257;0.506576319;-1.360160576;3.896818988;1.154797402;0.257;256.62;0.506951674;-1.358679194;3.891050584;1.154677513;16.01936328;5.547596391;0.86;0.92736185;-0.15082289;1.162790698;0.122217633;0.79;0.88;0.938083152;-0.127833372;1.136363636;256.62;256.62;0.41;0.92;0;;402.598;20.06484488;5.997938545;0.002483867;0.402598;9.662352;-0.909816733;2.268237097;0.038;26.56;5.153639491;3.279406325;0.037650602;0.261;0.511342312;-1.341432054;3.824516498;469.697;21.67249409;6.152087806;0.002129032;0.469697;11.272728;1.569;1.252597302;0.450438474;0.63734863;1.83
P;4;N2;4;PLN2;;;;;;;;;;;;;;;;;;;;;;;;;;;;;;;;;;;;;;;;;;;;;;;;;;;;;;;;;;;0.07;0.07;1.68;0.26;-2.72;0.518793793;15.15;2.23;0.256896043;-2.718167558;15.15253066;2.227215263;70;0.053;0.230566391;-2.934432859;18.81083171;1.216940106;0.053;53.161;0.230217289;-2.937463365;18.86792453;1.216987741;7.29115903;3.973325045;0.21;0.458257569;-1.560647748;4.761904762;0.576613364;1.13;1.14;1.067707825;0.131028262;0.877192982;53.16;53.16;0.4;0.43;0;;17.555;4.189868733;2.86533881;0.056963828;0.017555;0.42132;-4.042416469;-0.864362639;0.008;126.18;11.23298714;4.837709459;0.007925186;1.241;1.114195534;0.2162653;0.805521568;83.55;9.14056891;4.425445255;0.011968881;0.08355;2.0052;0.33;0.574456265;-1.108662625;3.03030303;1.572
P;4;N2;5;PLN2;;;;;;;;;;;;;;;;;;;;;;;;;;;;;;;;;;;;;;;;;;;;;;;;;;;;;;;;;;;0.05;0.05;1.2;0.23;-2.9;0.182321557;18.22;2.23;0.23426837;-2.902575877;18.22102008;2.228412939;50;0.05;0.223606798;-2.995732274;20;1.217875709;0.05;50;0.223606798;-2.995732274;20;1.217875709;7.071067812;3.912023005;0.12;0.346410162;-2.120263536;8.333333333;0.625938431;1.19;1.18;1.086278049;0.165514438;0.847457627;50;50;0.28;0.37;0;;7.326;2.706658456;1.991429664;0.136500137;0.007326;0.175824;-4.916325615;-1.738271784;0.004;284.39;16.8638667;5.650346536;0.003516298;1.098;1.047680003;0.093156396;0.911051004;62.207;7.887141434;4.130467534;0.016075361;0.062207;1.492968;0.147;0.38340579;-1.917322692;6.802721088;1.244
