ncbiNum,genomeFile,spruceNum
GCA_050010395,GCA_050010395.1_ASM5001039v1_genomic.fna,SPRUCE 361
GCA_050013015,GCA_050013015.1_ASM5001301v1_genomic.fna,SPRUCE 242
GCA_050015935,GCA_050015935.1_ASM5001593v1_genomic.fna,SPRUCE 111
GCA_049517675,GCA_049517675.1_ASM4951767v1_genomic.fna,SPRUCE 519
GCA_049512415,GCA_049512415.1_ASM4951241v1_genomic.fna,SPRUCE 643
GCA_049514575,GCA_049514575.1_ASM4951457v1_genomic.fna,SPRUCE 591
GCA_050010915,GCA_050010915.1_ASM5001091v1_genomic.fna,SPRUCE 338
GCA_049521375,GCA_049521375.1_ASM4952137v1_genomic.fna,SPRUCE 44
GCA_049521435,GCA_049521435.1_ASM4952143v1_genomic.fna,SPRUCE 448
GCA_050013735,GCA_050013735.1_ASM5001373v1_genomic.fna,SPRUCE 20
GCA_049512675,GCA_049512675.1_ASM4951267v1_genomic.fna,SPRUCE 638
GCA_049512055,GCA_049512055.1_ASM4951205v1_genomic.fna,SPRUCE 64
GCA_049520075,GCA_049520075.1_ASM4952007v1_genomic.fna,SPRUCE 47
GCA_049514835,GCA_049514835.1_ASM4951483v1_genomic.fna,SPRUCE 585
GCA_050011155,GCA_050011155.1_ASM5001115v1_genomic.fna,SPRUCE 326
GCA_049513055,GCA_049513055.1_ASM4951305v1_genomic.fna,SPRUCE 629
GCA_050010675,GCA_050010675.1_ASM5001067v1_genomic.fna,SPRUCE 348
GCA_050012975,GCA_050012975.1_ASM5001297v1_genomic.fna,SPRUCE 245
GCA_050014495,GCA_050014495.1_ASM5001449v1_genomic.fna,SPRUCE 177
GCA_050008675,GCA_050008675.1_ASM5000867v1_genomic.fna,SPRUCE 387
GCA_049522015,GCA_049522015.1_ASM4952201v1_genomic.fna,SPRUCE 435
GCA_049514075,GCA_049514075.1_ASM4951407v1_genomic.fna,SPRUCE 602
GCA_049510745,GCA_049510745.1_ASM4951074v1_genomic.fna,SPRUCE 67
GCA_050013595,GCA_050013595.1_ASM5001359v1_genomic.fna,SPRUCE 217
GCA_050013975,GCA_050013975.1_ASM5001397v1_genomic.fna,SPRUCE 200
GCA_050012235,GCA_050012235.1_ASM5001223v1_genomic.fna,SPRUCE 27
GCA_050013295,GCA_050013295.1_ASM5001329v1_genomic.fna,SPRUCE 230
GCA_050013095,GCA_050013095.1_ASM5001309v1_genomic.fna,SPRUCE 240
GCA_049514795,GCA_049514795.1_ASM4951479v1_genomic.fna,SPRUCE 587
GCA_050015215,GCA_050015215.1_ASM5001521v1_genomic.fna,SPRUCE 145
GCA_049510195,GCA_049510195.1_ASM4951019v1_genomic.fna,SPRUCE 691
GCA_049516355,GCA_049516355.1_ASM4951635v1_genomic.fna,SPRUCE 551
GCA_049520095,GCA_049520095.1_ASM4952009v1_genomic.fna,SPRUCE 479
GCA_049511215,GCA_049511215.1_ASM4951121v1_genomic.fna,SPRUCE 66
GCA_049509815,GCA_049509815.1_ASM4950981v1_genomic.fna,SPRUCE 70
GCA_050011215,GCA_050011215.1_ASM5001121v1_genomic.fna,SPRUCE 323
GCA_050015815,GCA_050015815.1_ASM5001581v1_genomic.fna,SPRUCE 117
GCA_050011855,GCA_050011855.1_ASM5001185v1_genomic.fna,SPRUCE 296
GCA_050015775,GCA_050015775.1_ASM5001577v1_genomic.fna,SPRUCE 119
GCA_049510975,GCA_049510975.1_ASM4951097v1_genomic.fna,SPRUCE 675
GCA_050015155,GCA_050015155.1_ASM5001515v1_genomic.fna,SPRUCE 147
GCA_050015655,GCA_050015655.1_ASM5001565v1_genomic.fna,SPRUCE 124
GCA_049516815,GCA_049516815.1_ASM4951681v1_genomic.fna,SPRUCE 540
GCA_050008495,GCA_050008495.1_ASM5000849v1_genomic.fna,SPRUCE 395
GCA_049517295,GCA_049517295.1_ASM4951729v1_genomic.fna,SPRUCE 528
GCA_049513435,GCA_049513435.1_ASM4951343v1_genomic.fna,SPRUCE 61
GCA_050014435,GCA_050014435.1_ASM5001443v1_genomic.fna,SPRUCE 17
GCA_049521175,GCA_049521175.1_ASM4952117v1_genomic.fna,SPRUCE 454
GCA_049520515,GCA_049520515.1_ASM4952051v1_genomic.fna,SPRUCE 46
GCA_049517655,GCA_049517655.1_ASM4951765v1_genomic.fna,SPRUCE 514
GCA_049512795,GCA_049512795.1_ASM4951279v1_genomic.fna,SPRUCE 634
GCA_050012635,GCA_050012635.1_ASM5001263v1_genomic.fna,SPRUCE 260
GCA_049512075,GCA_049512075.1_ASM4951207v1_genomic.fna,SPRUCE 650
GCA_050012435,GCA_050012435.1_ASM5001243v1_genomic.fna,SPRUCE 26
GCA_049517075,GCA_049517075.1_ASM4951707v1_genomic.fna,SPRUCE 534
GCA_049520935,GCA_049520935.1_ASM4952093v1_genomic.fna,SPRUCE 461
GCA_049517195,GCA_049517195.1_ASM4951719v1_genomic.fna,SPRUCE 531
GCA_050010415,GCA_050010415.1_ASM5001041v1_genomic.fna,SPRUCE 360
GCA_049514215,GCA_049514215.1_ASM4951421v1_genomic.fna,SPRUCE 600
GCA_050014675,GCA_050014675.1_ASM5001467v1_genomic.fna,SPRUCE 169
GCA_049511795,GCA_049511795.1_ASM4951179v1_genomic.fna,SPRUCE 657
GCA_050010555,GCA_050010555.1_ASM5001055v1_genomic.fna,SPRUCE 355
GCA_050013535,GCA_050013535.1_ASM5001353v1_genomic.fna,SPRUCE 21
GCA_050011195,GCA_050011195.1_ASM5001119v1_genomic.fna,SPRUCE 325
GCA_049514335,GCA_049514335.1_ASM4951433v1_genomic.fna,SPRUCE 598
GCA_049517315,GCA_049517315.1_ASM4951731v1_genomic.fna,SPRUCE 527
GCA_049510425,GCA_049510425.1_ASM4951042v1_genomic.fna,SPRUCE 687
GCA_050014555,GCA_050014555.1_ASM5001455v1_genomic.fna,SPRUCE 175
GCA_050012035,GCA_050012035.1_ASM5001203v1_genomic.fna,SPRUCE 288
GCA_050010115,GCA_050010115.1_ASM5001011v1_genomic.fna,SPRUCE 374
GCA_050010375,GCA_050010375.1_ASM5001037v1_genomic.fna,SPRUCE 362
GCA_050014035,GCA_050014035.1_ASM5001403v1_genomic.fna,SPRUCE 199
GCA_050011515,GCA_050011515.1_ASM5001151v1_genomic.fna,SPRUCE 311
GCA_049508815,GCA_049508815.1_ASM4950881v1_genomic.fna,SPRUCE 93
GCA_050011015,GCA_050011015.1_ASM5001101v1_genomic.fna,SPRUCE 333
GCA_050011295,GCA_050011295.1_ASM5001129v1_genomic.fna,SPRUCE 320
GCA_049520195,GCA_049520195.1_ASM4952019v1_genomic.fna,SPRUCE 477
GCA_050012395,GCA_050012395.1_ASM5001239v1_genomic.fna,SPRUCE 271
GCA_050011115,GCA_050011115.1_ASM5001111v1_genomic.fna,SPRUCE 329
GCA_050013655,GCA_050013655.1_ASM5001365v1_genomic.fna,SPRUCE 214
GCA_049513195,GCA_049513195.1_ASM4951319v1_genomic.fna,SPRUCE 625
GCA_050012855,GCA_050012855.1_ASM5001285v1_genomic.fna,SPRUCE 250
GCA_049521155,GCA_049521155.1_ASM4952115v1_genomic.fna,SPRUCE 455
GCA_050010855,GCA_050010855.1_ASM5001085v1_genomic.fna,SPRUCE 340
GCA_049516135,GCA_049516135.1_ASM4951613v1_genomic.fna,SPRUCE 556
GCA_050014055,GCA_050014055.1_ASM5001405v1_genomic.fna,SPRUCE 197
GCA_050013035,GCA_050013035.1_ASM5001303v1_genomic.fna,SPRUCE 239
GCA_050014835,GCA_050014835.1_ASM5001483v1_genomic.fna,SPRUCE 161
GCA_050014155,GCA_050014155.1_ASM5001415v1_genomic.fna,SPRUCE 192
GCA_050011635,GCA_050011635.1_ASM5001163v1_genomic.fna,SPRUCE 307
GCA_050014455,GCA_050014455.1_ASM5001445v1_genomic.fna,SPRUCE 179
GCA_049997855,GCA_049997855.1_ASM4999785v1_genomic.fna,SPRUCE 529
GCA_049519675,GCA_049519675.1_ASM4951967v1_genomic.fna,SPRUCE 489
GCA_049519855,GCA_049519855.1_ASM4951985v1_genomic.fna,SPRUCE 484
GCA_049517555,GCA_049517555.1_ASM4951755v1_genomic.fna,SPRUCE 521
GCA_050014995,GCA_050014995.1_ASM5001499v1_genomic.fna,SPRUCE 154
GCA_050013515,GCA_050013515.1_ASM5001351v1_genomic.fna,SPRUCE 220
GCA_049509035,GCA_049509035.1_ASM4950903v1_genomic.fna,SPRUCE 89
GCA_049519595,GCA_049519595.1_ASM4951959v1_genomic.fna,SPRUCE 490
GCA_050011795,GCA_050011795.1_ASM5001179v1_genomic.fna,SPRUCE 299
GCA_049519435,GCA_049519435.1_ASM4951943v1_genomic.fna,SPRUCE 494
GCA_049517335,GCA_049517335.1_ASM4951733v1_genomic.fna,SPRUCE 526
GCA_049521295,GCA_049521295.1_ASM4952129v1_genomic.fna,SPRUCE 451
GCA_050010615,GCA_050010615.1_ASM5001061v1_genomic.fna,SPRUCE 350
GCA_049521675,GCA_049521675.1_ASM4952167v1_genomic.fna,SPRUCE 443
GCA_050015335,GCA_050015335.1_ASM5001533v1_genomic.fna,SPRUCE 139
GCA_050012615,GCA_050012615.1_ASM5001261v1_genomic.fna,SPRUCE 261
GCA_050011595,GCA_050011595.1_ASM5001159v1_genomic.fna,SPRUCE 308
GCA_049520395,GCA_049520395.1_ASM4952039v1_genomic.fna,SPRUCE 472
GCA_049512195,GCA_049512195.1_ASM4951219v1_genomic.fna,SPRUCE 648
GCA_050011695,GCA_050011695.1_ASM5001169v1_genomic.fna,SPRUCE 303
GCA_049510875,GCA_049510875.1_ASM4951087v1_genomic.fna,SPRUCE 677
GCA_050010195,GCA_050010195.1_ASM5001019v1_genomic.fna,SPRUCE 370
GCA_050013395,GCA_050013395.1_ASM5001339v1_genomic.fna,SPRUCE 226
GCF_049512235,GCF_049512235.1_ASM4951223v1_genomic.fna,SPRUCE 647
GCA_050014935,GCA_050014935.1_ASM5001493v1_genomic.fna,SPRUCE 157
GCA_049509275,GCA_049509275.1_ASM4950927v1_genomic.fna,SPRUCE 83
GCA_050013555,GCA_050013555.1_ASM5001355v1_genomic.fna,SPRUCE 219
GCA_049516215,GCA_049516215.1_ASM4951621v1_genomic.fna,SPRUCE 554
GCA_049518655,GCA_049518655.1_ASM4951865v1_genomic.fna,SPRUCE 512
GCA_050008695,GCA_050008695.1_ASM5000869v1_genomic.fna,SPRUCE 386
GCA_049511475,GCA_049511475.1_ASM4951147v1_genomic.fna,SPRUCE 664
GCA_050015575,GCA_050015575.1_ASM5001557v1_genomic.fna,SPRUCE 128
GCA_049509795,GCA_049509795.1_ASM4950979v1_genomic.fna,SPRUCE 71
GCA_049509315,GCA_049509315.1_ASM4950931v1_genomic.fna,SPRUCE 82
GCA_049513695,GCA_049513695.1_ASM4951369v1_genomic.fna,SPRUCE 613
GCA_049521615,GCA_049521615.1_ASM4952161v1_genomic.fna,SPRUCE 444
GCA_050012655,GCA_050012655.1_ASM5001265v1_genomic.fna,SPRUCE 25
GCA_050013315,GCA_050013315.1_ASM5001331v1_genomic.fna,SPRUCE 22
GCA_049510765,GCA_049510765.1_ASM4951076v1_genomic.fna,SPRUCE 679
GCA_049519415,GCA_049519415.1_ASM4951941v1_genomic.fna,SPRUCE 495
GCA_050015395,GCA_050015395.1_ASM5001539v1_genomic.fna,SPRUCE 136
GCA_049509715,GCA_049509715.1_ASM4950971v1_genomic.fna,SPRUCE 74
GCA_049517235,GCA_049517235.1_ASM4951723v1_genomic.fna,SPRUCE 52
GCA_050015295,GCA_050015295.1_ASM5001529v1_genomic.fna,SPRUCE 140
GCA_049997815,GCA_049997815.1_ASM4999781v1_genomic.fna,SPRUCE 608
GCA_049520855,GCA_049520855.1_ASM4952085v1_genomic.fna,SPRUCE 460
GCA_049520335,GCA_049520335.1_ASM4952033v1_genomic.fna,SPRUCE 474
GCA_050008775,GCA_050008775.1_ASM5000877v1_genomic.fna,SPRUCE 382
GCA_049509155,GCA_049509155.1_ASM4950915v1_genomic.fna,SPRUCE 86
GCA_050012055,GCA_050012055.1_ASM5001205v1_genomic.fna,SPRUCE 287
GCF_049510455,GCF_049510455.1_ASM4951045v1_genomic.fna,SPRUCE 685
GCA_049522735,GCA_049522735.1_ASM4952273v1_genomic.fna,SPRUCE 419
GCA_050015595,GCA_050015595.1_ASM5001559v1_genomic.fna,SPRUCE 127
GCA_049515035,GCA_049515035.1_ASM4951503v1_genomic.fna,SPRUCE 581
GCA_049512235,GCA_049512235.1_ASM4951223v1_genomic.fna,SPRUCE 647
GCA_050015555,GCA_050015555.1_ASM5001555v1_genomic.fna,SPRUCE 129
GCA_049512315,GCA_049512315.1_ASM4951231v1_genomic.fna,SPRUCE 645
GCA_049522655,GCA_049522655.1_ASM4952265v1_genomic.fna,SPRUCE 420
GCA_049509175,GCA_049509175.1_ASM4950917v1_genomic.fna,SPRUCE 85
GCA_050013815,GCA_050013815.1_ASM5001381v1_genomic.fna,SPRUCE 207
GCA_050011875,GCA_050011875.1_ASM5001187v1_genomic.fna,SPRUCE 295
GCA_050011915,GCA_050011915.1_ASM5001191v1_genomic.fna,SPRUCE 293
GCA_050013615,GCA_050013615.1_ASM5001361v1_genomic.fna,SPRUCE 216
GCA_049511595,GCA_049511595.1_ASM4951159v1_genomic.fna,SPRUCE 661
GCA_050010655,GCA_050010655.1_ASM5001065v1_genomic.fna,SPRUCE 34
GCA_049512935,GCA_049512935.1_ASM4951293v1_genomic.fna,SPRUCE 632
GCA_049508685,GCA_049508685.1_ASM4950868v1_genomic.fna,SPRUCE 97
GCA_050012135,GCA_050012135.1_ASM5001213v1_genomic.fna,SPRUCE 283
GCA_049508565,GCA_049508565.1_ASM4950856v1_genomic.fna,SPRUCE 9
GCA_049509215,GCA_049509215.1_ASM4950921v1_genomic.fna,SPRUCE 84
GCA_049520695,GCA_049520695.1_ASM4952069v1_genomic.fna,SPRUCE 465
GCF_050015535,GCF_050015535.1_ASM5001553v1_genomic.fna,SPRUCE 12
GCA_049514955,GCA_049514955.1_ASM4951495v1_genomic.fna,SPRUCE 583
GCA_049519115,GCA_049519115.1_ASM4951911v1_genomic.fna,SPRUCE 500
GCA_050011095,GCA_050011095.1_ASM5001109v1_genomic.fna,SPRUCE 330
GCA_050008835,GCA_050008835.1_ASM5000883v1_genomic.fna,SPRUCE 379
GCA_049517435,GCA_049517435.1_ASM4951743v1_genomic.fna,SPRUCE 522
GCA_049518975,GCA_049518975.1_ASM4951897v1_genomic.fna,SPRUCE 504
GCA_050012535,GCA_050012535.1_ASM5001253v1_genomic.fna,SPRUCE 265
GCA_049509515,GCA_049509515.1_ASM4950951v1_genomic.fna,SPRUCE 78
GCA_050011955,GCA_050011955.1_ASM5001195v1_genomic.fna,SPRUCE 291
GCA_050011675,GCA_050011675.1_ASM5001167v1_genomic.fna,SPRUCE 302
GCA_050013215,GCA_050013215.1_ASM5001321v1_genomic.fna,SPRUCE 234
GCA_049522755,GCA_049522755.1_ASM4952275v1_genomic.fna,SPRUCE 418
GCA_050011555,GCA_050011555.1_ASM5001155v1_genomic.fna,SPRUCE 306
GCA_050015015,GCA_050015015.1_ASM5001501v1_genomic.fna,SPRUCE 152
GCA_050008655,GCA_050008655.1_ASM5000865v1_genomic.fna,SPRUCE 388
GCA_049515395,GCA_049515395.1_ASM4951539v1_genomic.fna,SPRUCE 573
GCA_049515535,GCA_049515535.1_ASM4951553v1_genomic.fna,SPRUCE 56
GCA_050008435,GCA_050008435.1_ASM5000843v1_genomic.fna,SPRUCE 398
GCA_049511615,GCA_049511615.1_ASM4951161v1_genomic.fna,SPRUCE 660
GCA_049509875,GCA_049509875.1_ASM4950987v1_genomic.fna,SPRUCE 6
GCA_050012575,GCA_050012575.1_ASM5001257v1_genomic.fna,SPRUCE 263
GCA_049522535,GCA_049522535.1_ASM4952253v1_genomic.fna,SPRUCE 422
GCA_049523475,GCA_049523475.1_ASM4952347v1_genomic.fna,SPRUCE 401
GCA_050013075,GCA_050013075.1_ASM5001307v1_genomic.fna,SPRUCE 241
GCA_049510055,GCA_049510055.1_ASM4951005v1_genomic.fna,SPRUCE 695
GCA_049518415,GCA_049518415.1_ASM4951841v1_genomic.fna,SPRUCE 520
GCA_050015635,GCA_050015635.1_ASM5001563v1_genomic.fna,SPRUCE 125
GCA_049519915,GCA_049519915.1_ASM4951991v1_genomic.fna,SPRUCE 483
GCA_050015355,GCA_050015355.1_ASM5001535v1_genomic.fna,SPRUCE 138
GCA_050013195,GCA_050013195.1_ASM5001319v1_genomic.fna,SPRUCE 235
GCA_050013775,GCA_050013775.1_ASM5001377v1_genomic.fna,SPRUCE 209
GCA_050010355,GCA_050010355.1_ASM5001035v1_genomic.fna,SPRUCE 363
GCA_049523435,GCA_049523435.1_ASM4952343v1_genomic.fna,SPRUCE 403
GCA_049522375,GCA_049522375.1_ASM4952237v1_genomic.fna,SPRUCE 427
GCA_050015795,GCA_050015795.1_ASM5001579v1_genomic.fna,SPRUCE 118
GCA_050015055,GCA_050015055.1_ASM5001505v1_genomic.fna,SPRUCE 151
GCA_050010095,GCA_050010095.1_ASM5001009v1_genomic.fna,SPRUCE 375
GCA_050011235,GCA_050011235.1_ASM5001123v1_genomic.fna,SPRUCE 324
GCA_049508795,GCA_049508795.1_ASM4950879v1_genomic.fna,SPRUCE 94
GCA_049523335,GCA_049523335.1_ASM4952333v1_genomic.fna,SPRUCE 406
GCA_049516375,GCA_049516375.1_ASM4951637v1_genomic.fna,SPRUCE 550
GCA_049516615,GCA_049516615.1_ASM4951661v1_genomic.fna,SPRUCE 546
GCA_050012515,GCA_050012515.1_ASM5001251v1_genomic.fna,SPRUCE 266
GCA_050015275,GCA_050015275.1_ASM5001527v1_genomic.fna,SPRUCE 141
GCA_049520275,GCA_049520275.1_ASM4952027v1_genomic.fna,SPRUCE 475
GCA_050018295,GCA_050018295.1_ASM5001829v1_genomic.fna,SPRUCE 10
GCA_050014895,GCA_050014895.1_ASM5001489v1_genomic.fna,SPRUCE 159
GCA_049513615,GCA_049513615.1_ASM4951361v1_genomic.fna,SPRUCE 615
GCA_049513915,GCA_049513915.1_ASM4951391v1_genomic.fna,SPRUCE 605
GCF_050010295,GCF_050010295.1_ASM5001029v1_genomic.fna,SPRUCE 366
GCA_049514055,GCA_049514055.1_ASM4951405v1_genomic.fna,SPRUCE 603
GCA_049521415,GCA_049521415.1_ASM4952141v1_genomic.fna,SPRUCE 449
GCA_050013715,GCA_050013715.1_ASM5001371v1_genomic.fna,SPRUCE 211
GCA_049518775,GCA_049518775.1_ASM4951877v1_genomic.fna,SPRUCE 50
GCA_050015715,GCA_050015715.1_ASM5001571v1_genomic.fna,SPRUCE 121
GCA_049512575,GCA_049512575.1_ASM4951257v1_genomic.fna,SPRUCE 639
GCA_050011815,GCA_050011815.1_ASM5001181v1_genomic.fna,SPRUCE 298
GCA_049514435,GCA_049514435.1_ASM4951443v1_genomic.fna,SPRUCE 595
GCA_049514195,GCA_049514195.1_ASM4951419v1_genomic.fna,SPRUCE 59
GCA_050011075,GCA_050011075.1_ASM5001107v1_genomic.fna,SPRUCE 32
GCA_049516695,GCA_049516695.1_ASM4951669v1_genomic.fna,SPRUCE 543
GCA_049519975,GCA_049519975.1_ASM4951997v1_genomic.fna,SPRUCE 481
GCA_049522255,GCA_049522255.1_ASM4952225v1_genomic.fna,SPRUCE 42
GCA_049522295,GCA_049522295.1_ASM4952229v1_genomic.fna,SPRUCE 429
GCA_050010135,GCA_050010135.1_ASM5001013v1_genomic.fna,SPRUCE 373
GCA_049511495,GCA_049511495.1_ASM4951149v1_genomic.fna,SPRUCE 663
GCA_049515795,GCA_049515795.1_ASM4951579v1_genomic.fna,SPRUCE 564
GCA_049509935,GCA_049509935.1_ASM4950993v1_genomic.fna,SPRUCE 697
GCA_049519475,GCA_049519475.1_ASM4951947v1_genomic.fna,SPRUCE 493
GCA_049517155,GCA_049517155.1_ASM4951715v1_genomic.fna,SPRUCE 532
GCA_050010275,GCA_050010275.1_ASM5001027v1_genomic.fna,SPRUCE 367
GCA_050011315,GCA_050011315.1_ASM5001131v1_genomic.fna,SPRUCE 31
GCF_049519115,GCF_049519115.1_ASM4951911v1_genomic.fna,SPRUCE 500
GCA_050015435,GCA_050015435.1_ASM5001543v1_genomic.fna,SPRUCE 134
GCA_049513775,GCA_049513775.1_ASM4951377v1_genomic.fna,SPRUCE 611
GCA_050008735,GCA_050008735.1_ASM5000873v1_genomic.fna,SPRUCE 384
GCA_050011455,GCA_050011455.1_ASM5001145v1_genomic.fna,SPRUCE 313
GCA_050013835,GCA_050013835.1_ASM5001383v1_genomic.fna,SPRUCE 206
GCA_050014415,GCA_050014415.1_ASM5001441v1_genomic.fna,SPRUCE 180
GCA_049510995,GCA_049510995.1_ASM4951099v1_genomic.fna,SPRUCE 674
GCA_050013115,GCA_050013115.1_ASM5001311v1_genomic.fna,SPRUCE 23
GCA_050008555,GCA_050008555.1_ASM5000855v1_genomic.fna,SPRUCE 392
GCA_050012495,GCA_050012495.1_ASM5001249v1_genomic.fna,SPRUCE 267
GCA_050010735,GCA_050010735.1_ASM5001073v1_genomic.fna,SPRUCE 346
GCA_050014655,GCA_050014655.1_ASM5001465v1_genomic.fna,SPRUCE 16
GCA_049515735,GCA_049515735.1_ASM4951573v1_genomic.fna,SPRUCE 565
GCA_050008615,GCA_050008615.1_ASM5000861v1_genomic.fna,SPRUCE 38
GCA_050008355,GCA_050008355.1_ASM5000835v1_genomic.fna,SPRUCE 3
GCA_050011355,GCA_050011355.1_ASM5001135v1_genomic.fna,SPRUCE 318
GCA_050013895,GCA_050013895.1_ASM5001389v1_genomic.fna,SPRUCE 203
GCA_049516955,GCA_049516955.1_ASM4951695v1_genomic.fna,SPRUCE 538
GCA_049510645,GCA_049510645.1_ASM4951064v1_genomic.fna,SPRUCE 681
GCA_050015095,GCA_050015095.1_ASM5001509v1_genomic.fna,SPRUCE 150
GCA_050013935,GCA_050013935.1_ASM5001393v1_genomic.fna,SPRUCE 201
GCA_050015035,GCA_050015035.1_ASM5001503v1_genomic.fna,SPRUCE 153
GCA_050014795,GCA_050014795.1_ASM5001479v1_genomic.fna,SPRUCE 163
GCA_049508555,GCA_049508555.1_ASM4950855v1_genomic.fna,SPRUCE 98
GCA_050008595,GCA_050008595.1_ASM5000859v1_genomic.fna,SPRUCE 390
GCA_049516515,GCA_049516515.1_ASM4951651v1_genomic.fna,SPRUCE 547
GCA_049511555,GCA_049511555.1_ASM4951155v1_genomic.fna,SPRUCE 662
GCA_050011395,GCA_050011395.1_ASM5001139v1_genomic.fna,SPRUCE 316
GCA_050010995,GCA_050010995.1_ASM5001099v1_genomic.fna,SPRUCE 334
GCA_050018335,GCA_050018335.1_ASM5001833v1_genomic.fna,SPRUCE 108
GCA_049516875,GCA_049516875.1_ASM4951687v1_genomic.fna,SPRUCE 53
GCA_050013235,GCA_050013235.1_ASM5001323v1_genomic.fna,SPRUCE 233
GCA_049515415,GCA_049515415.1_ASM4951541v1_genomic.fna,SPRUCE 572
GCA_050011175,GCA_050011175.1_ASM5001117v1_genomic.fna,SPRUCE 328
GCA_049511995,GCA_049511995.1_ASM4951199v1_genomic.fna,SPRUCE 653
GCA_050015475,GCA_050015475.1_ASM5001547v1_genomic.fna,SPRUCE 132
GCA_049520555,GCA_049520555.1_ASM4952055v1_genomic.fna,SPRUCE 469
GCA_049514155,GCA_049514155.1_ASM4951415v1_genomic.fna,SPRUCE 5
GCA_050013675,GCA_050013675.1_ASM5001367v1_genomic.fna,SPRUCE 213
GCA_049509755,GCA_049509755.1_ASM4950975v1_genomic.fna,SPRUCE 72
GCA_050010015,GCA_050010015.1_ASM5001001v1_genomic.fna,SPRUCE 381
GCA_049519315,GCA_049519315.1_ASM4951931v1_genomic.fna,SPRUCE 498
GCA_049522135,GCA_049522135.1_ASM4952213v1_genomic.fna,SPRUCE 432
GCA_050012155,GCA_050012155.1_ASM5001215v1_genomic.fna,SPRUCE 282
GCA_050008515,GCA_050008515.1_ASM5000851v1_genomic.fna,SPRUCE 394
GCA_049514315,GCA_049514315.1_ASM4951431v1_genomic.fna,SPRUCE 597
GCA_050008715,GCA_050008715.1_ASM5000871v1_genomic.fna,SPRUCE 385
GCA_049513455,GCA_049513455.1_ASM4951345v1_genomic.fna,SPRUCE 618
GCA_049516035,GCA_049516035.1_ASM4951603v1_genomic.fna,SPRUCE 558
GCA_050013695,GCA_050013695.1_ASM5001369v1_genomic.fna,SPRUCE 212
GCA_049515255,GCA_049515255.1_ASM4951525v1_genomic.fna,SPRUCE 577
GCA_049516995,GCA_049516995.1_ASM4951699v1_genomic.fna,SPRUCE 537
GCA_049518475,GCA_049518475.1_ASM4951847v1_genomic.fna,SPRUCE 517
GCA_049517055,GCA_049517055.1_ASM4951705v1_genomic.fna,SPRUCE 535
GCA_049516255,GCA_049516255.1_ASM4951625v1_genomic.fna,SPRUCE 553
GCA_050013755,GCA_050013755.1_ASM5001375v1_genomic.fna,SPRUCE 210
GCA_049523555,GCA_049523555.1_ASM4952355v1_genomic.fna,SPRUCE 400
GCA_049513175,GCA_049513175.1_ASM4951317v1_genomic.fna,SPRUCE 626
GCA_049515275,GCA_049515275.1_ASM4951527v1_genomic.fna,SPRUCE 576
GCA_050012275,GCA_050012275.1_ASM5001227v1_genomic.fna,SPRUCE 277
GCA_050011335,GCA_050011335.1_ASM5001133v1_genomic.fna,SPRUCE 319
GCA_049519175,GCA_049519175.1_ASM4951917v1_genomic.fna,SPRUCE 49
GCA_050010835,GCA_050010835.1_ASM5001083v1_genomic.fna,SPRUCE 341
GCA_049511015,GCA_049511015.1_ASM4951101v1_genomic.fna,SPRUCE 673
GCA_050013495,GCA_050013495.1_ASM5001349v1_genomic.fna,SPRUCE 221
GCA_049519295,GCA_049519295.1_ASM4951929v1_genomic.fna,SPRUCE 497
GCA_049511915,GCA_049511915.1_ASM4951191v1_genomic.fna,SPRUCE 655
GCA_050013915,GCA_050013915.1_ASM5001391v1_genomic.fna,SPRUCE 202
GCA_049523455,GCA_049523455.1_ASM4952345v1_genomic.fna,SPRUCE 402
GCF_049515335,GCF_049515335.1_ASM4951533v1_genomic.fna,SPRUCE 574
GCA_049513335,GCA_049513335.1_ASM4951333v1_genomic.fna,SPRUCE 620
GCA_050013135,GCA_050013135.1_ASM5001313v1_genomic.fna,SPRUCE 238
GCA_049515335,GCA_049515335.1_ASM4951533v1_genomic.fna,SPRUCE 574
GCA_050014635,GCA_050014635.1_ASM5001463v1_genomic.fna,SPRUCE 170
GCA_050011495,GCA_050011495.1_ASM5001149v1_genomic.fna,SPRUCE 310
GCA_049522075,GCA_049522075.1_ASM4952207v1_genomic.fna,SPRUCE 433
GCA_049520435,GCA_049520435.1_ASM4952043v1_genomic.fna,SPRUCE 470
GCA_050011475,GCA_050011475.1_ASM5001147v1_genomic.fna,SPRUCE 312
GCA_049513315,GCA_049513315.1_ASM4951331v1_genomic.fna,SPRUCE 622
GCA_050010775,GCA_050010775.1_ASM5001077v1_genomic.fna,SPRUCE 344
GCA_049518835,GCA_049518835.1_ASM4951883v1_genomic.fna,SPRUCE 508
GCA_050014955,GCA_050014955.1_ASM5001495v1_genomic.fna,SPRUCE 156
GCA_050015955,GCA_050015955.1_ASM5001595v1_genomic.fna,SPRUCE 107
GCF_049518935,GCF_049518935.1_ASM4951893v1_genomic.fna,SPRUCE 506
GCA_049511415,GCA_049511415.1_ASM4951141v1_genomic.fna,SPRUCE 666
GCA_049508675,GCA_049508675.1_ASM4950867v1_genomic.fna,SPRUCE 96
GCA_049511435,GCA_049511435.1_ASM4951143v1_genomic.fna,SPRUCE 665
GCA_049519555,GCA_049519555.1_ASM4951955v1_genomic.fna,SPRUCE 491
GCA_050013335,GCA_050013335.1_ASM5001333v1_genomic.fna,SPRUCE 229
GCA_050013475,GCA_050013475.1_ASM5001347v1_genomic.fna,SPRUCE 222
GCA_049513095,GCA_049513095.1_ASM4951309v1_genomic.fna,SPRUCE 627
GCA_049997795,GCA_049997795.1_ASM4999779v1_genomic.fna,SPRUCE 610
GCA_049520955,GCA_049520955.1_ASM4952095v1_genomic.fna,SPRUCE 459
GCA_050014735,GCA_050014735.1_ASM5001473v1_genomic.fna,SPRUCE 167
GCA_049516495,GCA_049516495.1_ASM4951649v1_genomic.fna,SPRUCE 548
GCA_049513795,GCA_049513795.1_ASM4951379v1_genomic.fna,SPRUCE 60
GCA_050012675,GCA_050012675.1_ASM5001267v1_genomic.fna,SPRUCE 259
GCA_049519735,GCA_049519735.1_ASM4951973v1_genomic.fna,SPRUCE 487
GCA_049519235,GCA_049519235.1_ASM4951923v1_genomic.fna,SPRUCE 499
GCA_050014695,GCA_050014695.1_ASM5001469v1_genomic.fna,SPRUCE 168
GCA_050015195,GCA_050015195.1_ASM5001519v1_genomic.fna,SPRUCE 144
GCA_050014375,GCA_050014375.1_ASM5001437v1_genomic.fna,SPRUCE 183
GCA_049520815,GCA_049520815.1_ASM4952081v1_genomic.fna,SPRUCE 463
GCA_050011735,GCA_050011735.1_ASM5001173v1_genomic.fna,SPRUCE 300
GCA_050011375,GCA_050011375.1_ASM5001137v1_genomic.fna,SPRUCE 317
GCA_049514735,GCA_049514735.1_ASM4951473v1_genomic.fna,SPRUCE 588
GCA_049513355,GCA_049513355.1_ASM4951335v1_genomic.fna,SPRUCE 621
GCA_050015675,GCA_050015675.1_ASM5001567v1_genomic.fna,SPRUCE 123
GCA_050011775,GCA_050011775.1_ASM5001177v1_genomic.fna,SPRUCE 29
GCA_049519795,GCA_049519795.1_ASM4951979v1_genomic.fna,SPRUCE 486
GCA_049515055,GCA_049515055.1_ASM4951505v1_genomic.fna,SPRUCE 580
GCA_050010055,GCA_050010055.1_ASM5001005v1_genomic.fna,SPRUCE 377
GCA_049519055,GCA_049519055.1_ASM4951905v1_genomic.fna,SPRUCE 503
GCA_050010155,GCA_050010155.1_ASM5001015v1_genomic.fna,SPRUCE 372
GCA_050015135,GCA_050015135.1_ASM5001513v1_genomic.fna,SPRUCE 148
GCA_049521195,GCA_049521195.1_ASM4952119v1_genomic.fna,SPRUCE 453
GCA_049511835,GCA_049511835.1_ASM4951183v1_genomic.fna,SPRUCE 652
GCA_049512535,GCA_049512535.1_ASM4951253v1_genomic.fna,SPRUCE 640
GCA_049510665,GCA_049510665.1_ASM4951066v1_genomic.fna,SPRUCE 680
GCA_050010035,GCA_050010035.1_ASM5001003v1_genomic.fna,SPRUCE 378
GCA_049523075,GCA_049523075.1_ASM4952307v1_genomic.fna,SPRUCE 411
GCA_049521875,GCA_049521875.1_ASM4952187v1_genomic.fna,SPRUCE 439
GCA_049517115,GCA_049517115.1_ASM4951711v1_genomic.fna,SPRUCE 533
GCA_049511335,GCA_049511335.1_ASM4951133v1_genomic.fna,SPRUCE 667
GCA_050014755,GCA_050014755.1_ASM5001475v1_genomic.fna,SPRUCE 165
GCA_049521915,GCA_049521915.1_ASM4952191v1_genomic.fna,SPRUCE 437
GCA_050011995,GCA_050011995.1_ASM5001199v1_genomic.fna,SPRUCE 28
GCF_049510175,GCF_049510175.1_ASM4951017v1_genomic.fna,SPRUCE 692
GCA_049522315,GCA_049522315.1_ASM4952231v1_genomic.fna,SPRUCE 428
GCA_050012915,GCA_050012915.1_ASM5001291v1_genomic.fna,SPRUCE 248
GCA_050014915,GCA_050014915.1_ASM5001491v1_genomic.fna,SPRUCE 158
GCA_050014855,GCA_050014855.1_ASM5001485v1_genomic.fna,SPRUCE 160
GCA_049514515,GCA_049514515.1_ASM4951451v1_genomic.fna,SPRUCE 593
GCA_049508975,GCA_049508975.1_ASM4950897v1_genomic.fna,SPRUCE 8
GCA_049997875,GCA_049997875.1_ASM4999787v1_genomic.fna,SPRUCE 501
GCA_049511115,GCA_049511115.1_ASM4951111v1_genomic.fna,SPRUCE 670
GCA_050018435,GCA_050018435.1_ASM5001843v1_genomic.fna,SPRUCE 104
GCA_049514855,GCA_049514855.1_ASM4951485v1_genomic.fna,SPRUCE 586
GCA_050014135,GCA_050014135.1_ASM5001413v1_genomic.fna,SPRUCE 193
GCA_049517455,GCA_049517455.1_ASM4951745v1_genomic.fna,SPRUCE 524
GCA_049514675,GCA_049514675.1_ASM4951467v1_genomic.fna,SPRUCE 58
GCA_049515295,GCA_049515295.1_ASM4951529v1_genomic.fna,SPRUCE 575
GCA_049520155,GCA_049520155.1_ASM4952015v1_genomic.fna,SPRUCE 478
GCA_049514975,GCA_049514975.1_ASM4951497v1_genomic.fna,SPRUCE 582
GCA_050013415,GCA_050013415.1_ASM5001341v1_genomic.fna,SPRUCE 225
GCA_049508915,GCA_049508915.1_ASM4950891v1_genomic.fna,SPRUCE 91
GCA_049520575,GCA_049520575.1_ASM4952057v1_genomic.fna,SPRUCE 468
GCA_049523355,GCA_049523355.1_ASM4952335v1_genomic.fna,SPRUCE 404
GCA_049510095,GCA_049510095.1_ASM4951009v1_genomic.fna,SPRUCE 693
GCA_050010575,GCA_050010575.1_ASM5001057v1_genomic.fna,SPRUCE 354
GCA_049520615,GCA_049520615.1_ASM4952061v1_genomic.fna,SPRUCE 467
GCA_050015375,GCA_050015375.1_ASM5001537v1_genomic.fna,SPRUCE 137
GCA_049997835,GCA_049997835.1_ASM4999783v1_genomic.fna,SPRUCE 530
GCA_049523135,GCA_049523135.1_ASM4952313v1_genomic.fna,SPRUCE 40
GCA_049518675,GCA_049518675.1_ASM4951867v1_genomic.fna,SPRUCE 511
GCA_050010715,GCA_050010715.1_ASM5001071v1_genomic.fna,SPRUCE 347
GCA_050012775,GCA_050012775.1_ASM5001277v1_genomic.fna,SPRUCE 254
GCA_049512215,GCA_049512215.1_ASM4951221v1_genomic.fna,SPRUCE 649
GCA_050010255,GCA_050010255.1_ASM5001025v1_genomic.fna,SPRUCE 368
GCA_049512655,GCA_049512655.1_ASM4951265v1_genomic.fna,SPRUCE 637
GCA_049521795,GCA_049521795.1_ASM4952179v1_genomic.fna,SPRUCE 440
GCA_050012995,GCA_050012995.1_ASM5001299v1_genomic.fna,SPRUCE 243
GCA_049522615,GCA_049522615.1_ASM4952261v1_genomic.fna,SPRUCE 421
GCA_049523215,GCA_049523215.1_ASM4952321v1_genomic.fna,SPRUCE 408
GCA_050013955,GCA_050013955.1_ASM5001395v1_genomic.fna,SPRUCE 1
GCA_050014275,GCA_050014275.1_ASM5001427v1_genomic.fna,SPRUCE 187
GCA_050010075,GCA_050010075.1_ASM5001007v1_genomic.fna,SPRUCE 376
GCA_049515555,GCA_049515555.1_ASM4951555v1_genomic.fna,SPRUCE 569
GCF_050013435,GCF_050013435.1_ASM5001343v1_genomic.fna,SPRUCE 224
GCA_049522195,GCA_049522195.1_ASM4952219v1_genomic.fna,SPRUCE 430
GCA_049521735,GCA_049521735.1_ASM4952173v1_genomic.fna,SPRUCE 441
GCA_049516835,GCA_049516835.1_ASM4951683v1_genomic.fna,SPRUCE 539
GCA_049509455,GCA_049509455.1_ASM4950945v1_genomic.fna,SPRUCE 7
GCA_050014195,GCA_050014195.1_ASM5001419v1_genomic.fna,SPRUCE 18
GCA_049518935,GCA_049518935.1_ASM4951893v1_genomic.fna,SPRUCE 506
GCA_049509115,GCA_049509115.1_ASM4950911v1_genomic.fna,SPRUCE 87
GCA_049511935,GCA_049511935.1_ASM4951193v1_genomic.fna,SPRUCE 656
GCA_050012175,GCA_050012175.1_ASM5001217v1_genomic.fna,SPRUCE 281
GCA_049512695,GCA_049512695.1_ASM4951269v1_genomic.fna,SPRUCE 636
GCA_050010175,GCA_050010175.1_ASM5001017v1_genomic.fna,SPRUCE 371
GCA_049509995,GCA_049509995.1_ASM4950999v1_genomic.fna,SPRUCE 696
GCA_049521055,GCA_049521055.1_ASM4952105v1_genomic.fna,SPRUCE 457
GCA_050012375,GCA_050012375.1_ASM5001237v1_genomic.fna,SPRUCE 272
GCA_049522855,GCA_049522855.1_ASM4952285v1_genomic.fna,SPRUCE 416
GCA_050008815,GCA_050008815.1_ASM5000881v1_genomic.fna,SPRUCE 37
GCA_049520735,GCA_049520735.1_ASM4952073v1_genomic.fna,SPRUCE 464
GCF_050014615,GCF_050014615.1_ASM5001461v1_genomic.fna,SPRUCE 171
GCA_049510555,GCA_049510555.1_ASM4951055v1_genomic.fna,SPRUCE 684
GCA_050012295,GCA_050012295.1_ASM5001229v1_genomic.fna,SPRUCE 276
GCA_050013575,GCA_050013575.1_ASM5001357v1_genomic.fna,SPRUCE 218
GCA_049522435,GCA_049522435.1_ASM4952243v1_genomic.fna,SPRUCE 426
GCA_050012935,GCA_050012935.1_ASM5001293v1_genomic.fna,SPRUCE 247
GCA_049511755,GCA_049511755.1_ASM4951175v1_genomic.fna,SPRUCE 658
GCF_049514155,GCF_049514155.1_ASM4951415v1_genomic.fna,SPRUCE 5
GCA_049516095,GCA_049516095.1_ASM4951609v1_genomic.fna,SPRUCE 557
GCA_050010975,GCA_050010975.1_ASM5001097v1_genomic.fna,SPRUCE 336
GCA_049519715,GCA_049519715.1_ASM4951971v1_genomic.fna,SPRUCE 488
GCA_050015455,GCA_050015455.1_ASM5001545v1_genomic.fna,SPRUCE 133
GCA_050013275,GCA_050013275.1_ASM5001327v1_genomic.fna,SPRUCE 231
GCA_049522495,GCA_049522495.1_ASM4952249v1_genomic.fna,SPRUCE 424
GCA_049513515,GCA_049513515.1_ASM4951351v1_genomic.fna,SPRUCE 617
GCA_049515655,GCA_049515655.1_ASM4951565v1_genomic.fna,SPRUCE 567
GCA_049519835,GCA_049519835.1_ASM4951983v1_genomic.fna,SPRUCE 485
GCA_050008795,GCA_050008795.1_ASM5000879v1_genomic.fna,SPRUCE 380
GCA_050014175,GCA_050014175.1_ASM5001417v1_genomic.fna,SPRUCE 191
GCA_050013355,GCA_050013355.1_ASM5001335v1_genomic.fna,SPRUCE 227
GCA_049522975,GCA_049522975.1_ASM4952297v1_genomic.fna,SPRUCE 413
GCA_049516755,GCA_049516755.1_ASM4951675v1_genomic.fna,SPRUCE 541
GCA_049509055,GCA_049509055.1_ASM4950905v1_genomic.fna,SPRUCE 88
GCA_049509335,GCA_049509335.1_ASM4950933v1_genomic.fna,SPRUCE 81
GCA_050018275,GCA_050018275.1_ASM5001827v1_genomic.fna,SPRUCE 110
GCA_049515135,GCA_049515135.1_ASM4951513v1_genomic.fna,SPRUCE 579
GCA_049513255,GCA_049513255.1_ASM4951325v1_genomic.fna,SPRUCE 623
GCA_050010235,GCA_050010235.1_ASM5001023v1_genomic.fna,SPRUCE 369
GCA_050015615,GCA_050015615.1_ASM5001561v1_genomic.fna,SPRUCE 126
GCA_050010815,GCA_050010815.1_ASM5001081v1_genomic.fna,SPRUCE 342
GCA_049520035,GCA_049520035.1_ASM4952003v1_genomic.fna,SPRUCE 480
GCA_049521655,GCA_049521655.1_ASM4952165v1_genomic.fna,SPRUCE 442
GCA_049519635,GCA_049519635.1_ASM4951963v1_genomic.fna,SPRUCE 48
GCA_049511155,GCA_049511155.1_ASM4951115v1_genomic.fna,SPRUCE 671
GCA_050011615,GCA_050011615.1_ASM5001161v1_genomic.fna,SPRUCE 305
GCA_050012455,GCA_050012455.1_ASM5001245v1_genomic.fna,SPRUCE 269
GCA_049519515,GCA_049519515.1_ASM4951951v1_genomic.fna,SPRUCE 492
GCA_050011255,GCA_050011255.1_ASM5001125v1_genomic.fna,SPRUCE 321
GCA_050018415,GCA_050018415.1_ASM5001841v1_genomic.fna,SPRUCE 102
GCA_049511275,GCA_049511275.1_ASM4951127v1_genomic.fna,SPRUCE 668
GCA_049522175,GCA_049522175.1_ASM4952217v1_genomic.fna,SPRUCE 431
GCA_050014215,GCA_050014215.1_ASM5001421v1_genomic.fna,SPRUCE 190
GCA_049513475,GCA_049513475.1_ASM4951347v1_genomic.fna,SPRUCE 619
GCA_049522055,GCA_049522055.1_ASM4952205v1_genomic.fna,SPRUCE 434
GCA_049512875,GCA_049512875.1_ASM4951287v1_genomic.fna,SPRUCE 631
GCA_050014115,GCA_050014115.1_ASM5001411v1_genomic.fna,SPRUCE 194
GCA_049511255,GCA_049511255.1_ASM4951125v1_genomic.fna,SPRUCE 669
GCA_050010535,GCA_050010535.1_ASM5001053v1_genomic.fna,SPRUCE 353
GCA_050018455,GCA_050018455.1_ASM5001845v1_genomic.fna,SPRUCE 101
GCA_049516935,GCA_049516935.1_ASM4951693v1_genomic.fna,SPRUCE 536
GCA_049509675,GCA_049509675.1_ASM4950967v1_genomic.fna,SPRUCE 73
GCA_050015835,GCA_050015835.1_ASM5001583v1_genomic.fna,SPRUCE 116
GCA_050011715,GCA_050011715.1_ASM5001171v1_genomic.fna,SPRUCE 301
GCA_050014475,GCA_050014475.1_ASM5001447v1_genomic.fna,SPRUCE 178
GCA_049522915,GCA_049522915.1_ASM4952291v1_genomic.fna,SPRUCE 415
GCA_049518535,GCA_049518535.1_ASM4951853v1_genomic.fna,SPRUCE 516
GCA_050015515,GCA_050015515.1_ASM5001551v1_genomic.fna,SPRUCE 130
GCA_050012955,GCA_050012955.1_ASM5001295v1_genomic.fna,SPRUCE 246
GCA_050012075,GCA_050012075.1_ASM5001207v1_genomic.fna,SPRUCE 286
GCA_049513975,GCA_049513975.1_ASM4951397v1_genomic.fna,SPRUCE 604
GCA_049509915,GCA_049509915.1_ASM4950991v1_genomic.fna,SPRUCE 69
GCA_050010295,GCA_050010295.1_ASM5001029v1_genomic.fna,SPRUCE 366
GCA_049512555,GCA_049512555.1_ASM4951255v1_genomic.fna,SPRUCE 63
GCA_049515495,GCA_049515495.1_ASM4951549v1_genomic.fna,SPRUCE 570
GCA_049510395,GCA_049510395.1_ASM4951039v1_genomic.fna,SPRUCE 686
GCA_050015695,GCA_050015695.1_ASM5001569v1_genomic.fna,SPRUCE 122
GCA_049510295,GCA_049510295.1_ASM4951029v1_genomic.fna,SPRUCE 68
GCA_049516275,GCA_049516275.1_ASM4951627v1_genomic.fna,SPRUCE 552
GCA_050011055,GCA_050011055.1_ASM5001105v1_genomic.fna,SPRUCE 331
GCA_049519195,GCA_049519195.1_ASM4951919v1_genomic.fna,SPRUCE 4
GCA_050015115,GCA_050015115.1_ASM5001511v1_genomic.fna,SPRUCE 149
GCA_050013375,GCA_050013375.1_ASM5001337v1_genomic.fna,SPRUCE 228
GCA_050015915,GCA_050015915.1_ASM5001591v1_genomic.fna,SPRUCE 112
GCA_050015895,GCA_050015895.1_ASM5001589v1_genomic.fna,SPRUCE 113
GCA_050012315,GCA_050012315.1_ASM5001231v1_genomic.fna,SPRUCE 275
GCA_049521035,GCA_049521035.1_ASM4952103v1_genomic.fna,SPRUCE 458
GCA_049509475,GCA_049509475.1_ASM4950947v1_genomic.fna,SPRUCE 79
GCA_050014075,GCA_050014075.1_ASM5001407v1_genomic.fna,SPRUCE 196
GCA_049512915,GCA_049512915.1_ASM4951291v1_genomic.fna,SPRUCE 630
GCA_049517595,GCA_049517595.1_ASM4951759v1_genomic.fna,SPRUCE 51
GCA_050013995,GCA_050013995.1_ASM5001399v1_genomic.fna,SPRUCE 19
GCA_050010795,GCA_050010795.1_ASM5001079v1_genomic.fna,SPRUCE 343
GCA_050014975,GCA_050014975.1_ASM5001497v1_genomic.fna,SPRUCE 155
GCA_049515175,GCA_049515175.1_ASM4951517v1_genomic.fna,SPRUCE 578
GCA_050010315,GCA_050010315.1_ASM5001031v1_genomic.fna,SPRUCE 365
GCA_049519955,GCA_049519955.1_ASM4951995v1_genomic.fna,SPRUCE 482
GCA_049521075,GCA_049521075.1_ASM4952107v1_genomic.fna,SPRUCE 456
GCA_050015855,GCA_050015855.1_ASM5001585v1_genomic.fna,SPRUCE 114
GCA_049515995,GCA_049515995.1_ASM4951599v1_genomic.fna,SPRUCE 55
GCA_050013175,GCA_050013175.1_ASM5001317v1_genomic.fna,SPRUCE 236
GCA_050012475,GCA_050012475.1_ASM5001247v1_genomic.fna,SPRUCE 268
GCA_050010755,GCA_050010755.1_ASM5001075v1_genomic.fna,SPRUCE 345
GCA_050011755,GCA_050011755.1_ASM5001175v1_genomic.fna,SPRUCE 2
GCA_050010435,GCA_050010435.1_ASM5001043v1_genomic.fna,SPRUCE 359
GCA_049510855,GCA_049510855.1_ASM4951085v1_genomic.fna,SPRUCE 678
GCA_049514715,GCA_049514715.1_ASM4951471v1_genomic.fna,SPRUCE 589
GCA_049512435,GCA_049512435.1_ASM4951243v1_genomic.fna,SPRUCE 642
GCA_049523195,GCA_049523195.1_ASM4952319v1_genomic.fna,SPRUCE 409
GCA_049520795,GCA_049520795.1_ASM4952079v1_genomic.fna,SPRUCE 462
GCA_050013855,GCA_050013855.1_ASM5001385v1_genomic.fna,SPRUCE 205
GCA_050012755,GCA_050012755.1_ASM5001275v1_genomic.fna,SPRUCE 255
GCA_050012335,GCA_050012335.1_ASM5001233v1_genomic.fna,SPRUCE 274
GCA_049520915,GCA_049520915.1_ASM4952091v1_genomic.fna,SPRUCE 45
GCA_050014235,GCA_050014235.1_ASM5001423v1_genomic.fna,SPRUCE 189
GCA_050011835,GCA_050011835.1_ASM5001183v1_genomic.fna,SPRUCE 297
GCA_050010455,GCA_050010455.1_ASM5001045v1_genomic.fna,SPRUCE 35
GCA_050011135,GCA_050011135.1_ASM5001113v1_genomic.fna,SPRUCE 327
GCA_049519355,GCA_049519355.1_ASM4951935v1_genomic.fna,SPRUCE 496
GCA_049516015,GCA_049516015.1_ASM4951601v1_genomic.fna,SPRUCE 559
GCA_050014395,GCA_050014395.1_ASM5001439v1_genomic.fna,SPRUCE 181
GCA_050010955,GCA_050010955.1_ASM5001095v1_genomic.fna,SPRUCE 335
GCA_050015235,GCA_050015235.1_ASM5001523v1_genomic.fna,SPRUCE 143
GCA_050008375,GCA_050008375.1_ASM5000837v1_genomic.fna,SPRUCE 399
GCA_049510065,GCA_049510065.1_ASM4951006v1_genomic.fna,SPRUCE 694
GCA_050012895,GCA_050012895.1_ASM5001289v1_genomic.fna,SPRUCE 249
GCA_049518595,GCA_049518595.1_ASM4951859v1_genomic.fna,SPRUCE 513
GCA_050015735,GCA_050015735.1_ASM5001573v1_genomic.fna,SPRUCE 120
GCA_049513025,GCA_049513025.1_ASM4951302v1_genomic.fna,SPRUCE 628
GCA_049508615,GCA_049508615.1_ASM4950861v1_genomic.fna,SPRUCE 99
GCA_050012255,GCA_050012255.1_ASM5001225v1_genomic.fna,SPRUCE 278
GCA_049510455,GCA_049510455.1_ASM4951045v1_genomic.fna,SPRUCE 685
GCA_049516635,GCA_049516635.1_ASM4951663v1_genomic.fna,SPRUCE 544
GCA_050010635,GCA_050010635.1_ASM5001063v1_genomic.fna,SPRUCE 351
GCA_050011035,GCA_050011035.1_ASM5001103v1_genomic.fna,SPRUCE 332
GCA_050013435,GCA_050013435.1_ASM5001343v1_genomic.fna,SPRUCE 224
GCA_050008365,GCA_050008365.1_ASM5000836v1_genomic.fna,SPRUCE 39
GCA_050018315,GCA_050018315.1_ASM5001831v1_genomic.fna,SPRUCE 109
GCA_050014815,GCA_050014815.1_ASM5001481v1_genomic.fna,SPRUCE 162
GCA_050008465,GCA_050008465.1_ASM5000846v1_genomic.fna,SPRUCE 396
GCA_050011975,GCA_050011975.1_ASM5001197v1_genomic.fna,SPRUCE 290
GCA_049509395,GCA_049509395.1_ASM4950939v1_genomic.fna,SPRUCE 80
GCA_049508935,GCA_049508935.1_ASM4950893v1_genomic.fna,SPRUCE 90
GCA_049515835,GCA_049515835.1_ASM4951583v1_genomic.fna,SPRUCE 562
GCA_050013455,GCA_050013455.1_ASM5001345v1_genomic.fna,SPRUCE 223
GCA_050015755,GCA_050015755.1_ASM5001575v1_genomic.fna,SPRUCE 11
GCA_049514395,GCA_049514395.1_ASM4951439v1_genomic.fna,SPRUCE 596
GCA_050013255,GCA_050013255.1_ASM5001325v1_genomic.fna,SPRUCE 232
GCA_049523035,GCA_049523035.1_ASM4952303v1_genomic.fna,SPRUCE 412
GCA_050014015,GCA_050014015.1_ASM5001401v1_genomic.fna,SPRUCE 198
GCA_049521975,GCA_049521975.1_ASM4952197v1_genomic.fna,SPRUCE 436
GCA_050010495,GCA_050010495.1_ASM5001049v1_genomic.fna,SPRUCE 356
GCA_050011655,GCA_050011655.1_ASM5001165v1_genomic.fna,SPRUCE 304
GCA_050008755,GCA_050008755.1_ASM5000875v1_genomic.fna,SPRUCE 383
GCA_049514295,GCA_049514295.1_ASM4951429v1_genomic.fna,SPRUCE 599
GCA_050012795,GCA_050012795.1_ASM5001279v1_genomic.fna,SPRUCE 253
GCA_050012835,GCA_050012835.1_ASM5001283v1_genomic.fna,SPRUCE 251
GCA_049510585,GCA_049510585.1_ASM4951058v1_genomic.fna,SPRUCE 682
GCA_049513575,GCA_049513575.1_ASM4951357v1_genomic.fna,SPRUCE 616
GCA_050012415,GCA_050012415.1_ASM5001241v1_genomic.fna,SPRUCE 270
GCA_050015495,GCA_050015495.1_ASM5001549v1_genomic.fna,SPRUCE 131
GCA_049520455,GCA_049520455.1_ASM4952045v1_genomic.fna,SPRUCE 471
GCA_049518555,GCA_049518555.1_ASM4951855v1_genomic.fna,SPRUCE 515
GCA_049511715,GCA_049511715.1_ASM4951171v1_genomic.fna,SPRUCE 659
GCA_050012215,GCA_050012215.1_ASM5001221v1_genomic.fna,SPRUCE 279
GCA_050012555,GCA_050012555.1_ASM5001255v1_genomic.fna,SPRUCE 264
GCA_050012015,GCA_050012015.1_ASM5001201v1_genomic.fna,SPRUCE 289
GCA_049510305,GCA_049510305.1_ASM4951030v1_genomic.fna,SPRUCE 689
GCA_049509575,GCA_049509575.1_ASM4950957v1_genomic.fna,SPRUCE 77
GCA_050018495,GCA_050018495.1_ASM5001849v1_genomic.fna,SPRUCE 100
GCA_049512815,GCA_049512815.1_ASM4951281v1_genomic.fna,SPRUCE 633
GCA_049516395,GCA_049516395.1_ASM4951639v1_genomic.fna,SPRUCE 54
GCA_049511095,GCA_049511095.1_ASM4951109v1_genomic.fna,SPRUCE 672
GCA_049510215,GCA_049510215.1_ASM4951021v1_genomic.fna,SPRUCE 690
GCA_050010335,GCA_050010335.1_ASM5001033v1_genomic.fna,SPRUCE 364
GCA_050013875,GCA_050013875.1_ASM5001387v1_genomic.fna,SPRUCE 204
GCA_049517515,GCA_049517515.1_ASM4951751v1_genomic.fna,SPRUCE 523
GCA_050012815,GCA_050012815.1_ASM5001281v1_genomic.fna,SPRUCE 252
GCA_049521495,GCA_049521495.1_ASM4952149v1_genomic.fna,SPRUCE 447
GCA_049521275,GCA_049521275.1_ASM4952127v1_genomic.fna,SPRUCE 452
GCA_050013155,GCA_050013155.1_ASM5001315v1_genomic.fna,SPRUCE 237
GCA_050012715,GCA_050012715.1_ASM5001271v1_genomic.fna,SPRUCE 257
GCA_050011565,GCA_050011565.1_ASM5001156v1_genomic.fna,SPRUCE 309
GCA_049518715,GCA_049518715.1_ASM4951871v1_genomic.fna,SPRUCE 510
GCA_050010895,GCA_050010895.1_ASM5001089v1_genomic.fna,SPRUCE 339
GCA_049516155,GCA_049516155.1_ASM4951615v1_genomic.fna,SPRUCE 555
GCA_049522565,GCA_049522565.1_ASM4952256v1_genomic.fna,SPRUCE 423
GCA_049523255,GCA_049523255.1_ASM4952325v1_genomic.fna,SPRUCE 407
GCA_049510515,GCA_049510515.1_ASM4951051v1_genomic.fna,SPRUCE 683
GCA_050008575,GCA_050008575.1_ASM5000857v1_genomic.fna,SPRUCE 391
GCA_049512335,GCA_049512335.1_ASM4951233v1_genomic.fna,SPRUCE 644
GCA_050014575,GCA_050014575.1_ASM5001457v1_genomic.fna,SPRUCE 173
GCA_050018375,GCA_050018375.1_ASM5001837v1_genomic.fna,SPRUCE 105
GCA_049518795,GCA_049518795.1_ASM4951879v1_genomic.fna,SPRUCE 509
GCA_050011415,GCA_050011415.1_ASM5001141v1_genomic.fna,SPRUCE 315
GCA_049518955,GCA_049518955.1_ASM4951895v1_genomic.fna,SPRUCE 505
GCA_050014335,GCA_050014335.1_ASM5001433v1_genomic.fna,SPRUCE 184
GCA_049523315,GCA_049523315.1_ASM4952331v1_genomic.fna,SPRUCE 405
GCA_050012195,GCA_050012195.1_ASM5001219v1_genomic.fna,SPRUCE 280
GCF_050012995,GCF_050012995.1_ASM5001299v1_genomic.fna,SPRUCE 243
GCA_049514915,GCA_049514915.1_ASM4951491v1_genomic.fna,SPRUCE 584
GCA_050014875,GCA_050014875.1_ASM5001487v1_genomic.fna,SPRUCE 15
GCA_049513815,GCA_049513815.1_ASM4951381v1_genomic.fna,SPRUCE 609
GCA_050018395,GCA_050018395.1_ASM5001839v1_genomic.fna,SPRUCE 103
GCA_049514475,GCA_049514475.1_ASM4951447v1_genomic.fna,SPRUCE 594
GCA_050011535,GCA_050011535.1_ASM5001153v1_genomic.fna,SPRUCE 30
GCA_049511815,GCA_049511815.1_ASM4951181v1_genomic.fna,SPRUCE 654
GCA_049516475,GCA_049516475.1_ASM4951647v1_genomic.fna,SPRUCE 549
GCA_050012735,GCA_050012735.1_ASM5001273v1_genomic.fna,SPRUCE 256
GCA_049522835,GCA_049522835.1_ASM4952283v1_genomic.fna,SPRUCE 417
GCA_050012355,GCA_050012355.1_ASM5001235v1_genomic.fna,SPRUCE 273
GCA_050015175,GCA_050015175.1_ASM5001517v1_genomic.fna,SPRUCE 146
GCA_049511675,GCA_049511675.1_ASM4951167v1_genomic.fna,SPRUCE 65
GCA_050014535,GCA_050014535.1_ASM5001453v1_genomic.fna,SPRUCE 174
GCA_050012115,GCA_050012115.1_ASM5001211v1_genomic.fna,SPRUCE 284
GCA_050011275,GCA_050011275.1_ASM5001127v1_genomic.fna,SPRUCE 322
GCA_050015315,GCA_050015315.1_ASM5001531v1_genomic.fna,SPRUCE 13
GCA_050012695,GCA_050012695.1_ASM5001269v1_genomic.fna,SPRUCE 258
GCA_049520675,GCA_049520675.1_ASM4952067v1_genomic.fna,SPRUCE 466
GCA_049520315,GCA_049520315.1_ASM4952031v1_genomic.fna,SPRUCE 473
GCA_050010695,GCA_050010695.1_ASM5001069v1_genomic.fna,SPRUCE 349
GCA_049512115,GCA_049512115.1_ASM4951211v1_genomic.fna,SPRUCE 651
GCA_050012595,GCA_050012595.1_ASM5001259v1_genomic.fna,SPRUCE 262
GCA_050010215,GCA_050010215.1_ASM5001021v1_genomic.fna,SPRUCE 36
GCA_050014255,GCA_050014255.1_ASM5001425v1_genomic.fna,SPRUCE 188
GCA_049510335,GCA_049510335.1_ASM4951033v1_genomic.fna,SPRUCE 688
GCA_050014515,GCA_050014515.1_ASM5001451v1_genomic.fna,SPRUCE 176
GCA_049523095,GCA_049523095.1_ASM4952309v1_genomic.fna,SPRUCE 410
GCA_050013635,GCA_050013635.1_ASM5001363v1_genomic.fna,SPRUCE 215
GCA_050008455,GCA_050008455.1_ASM5000845v1_genomic.fna,SPRUCE 397
GCA_050011435,GCA_050011435.1_ASM5001143v1_genomic.fna,SPRUCE 314
GCA_050014315,GCA_050014315.1_ASM5001431v1_genomic.fna,SPRUCE 185
GCA_050014095,GCA_050014095.1_ASM5001409v1_genomic.fna,SPRUCE 195
GCA_049518855,GCA_049518855.1_ASM4951885v1_genomic.fna,SPRUCE 507
GCA_049516595,GCA_049516595.1_ASM4951659v1_genomic.fna,SPRUCE 545
GCA_049522955,GCA_049522955.1_ASM4952295v1_genomic.fna,SPRUCE 414
GCA_050008535,GCA_050008535.1_ASM5000853v1_genomic.fna,SPRUCE 393
GCA_049512295,GCA_049512295.1_ASM4951229v1_genomic.fna,SPRUCE 646
GCA_049515155,GCA_049515155.1_ASM4951515v1_genomic.fna,SPRUCE 57
GCA_050014355,GCA_050014355.1_ASM5001435v1_genomic.fna,SPRUCE 182
GCA_050014295,GCA_050014295.1_ASM5001429v1_genomic.fna,SPRUCE 186
GCA_049508735,GCA_049508735.1_ASM4950873v1_genomic.fna,SPRUCE 95
GCA_049510175,GCA_049510175.1_ASM4951017v1_genomic.fna,SPRUCE 692
GCA_050014615,GCA_050014615.1_ASM5001461v1_genomic.fna,SPRUCE 171
GCA_050018355,GCA_050018355.1_ASM5001835v1_genomic.fna,SPRUCE 106
GCA_049515615,GCA_049515615.1_ASM4951561v1_genomic.fna,SPRUCE 568
GCA_050010935,GCA_050010935.1_ASM5001093v1_genomic.fna,SPRUCE 337
GCA_049521895,GCA_049521895.1_ASM4952189v1_genomic.fna,SPRUCE 438
GCA_049522395,GCA_049522395.1_ASM4952239v1_genomic.fna,SPRUCE 425
GCA_050015875,GCA_050015875.1_ASM5001587v1_genomic.fna,SPRUCE 115
GCA_050011895,GCA_050011895.1_ASM5001189v1_genomic.fna,SPRUCE 294
GCA_049515455,GCA_049515455.1_ASM4951545v1_genomic.fna,SPRUCE 571
GCA_049513225,GCA_049513225.1_ASM4951322v1_genomic.fna,SPRUCE 624
GCA_049521535,GCA_049521535.1_ASM4952153v1_genomic.fna,SPRUCE 446
GCA_050013795,GCA_050013795.1_ASM5001379v1_genomic.fna,SPRUCE 208
GCA_050008635,GCA_050008635.1_ASM5000863v1_genomic.fna,SPRUCE 389
GCA_050015535,GCA_050015535.1_ASM5001553v1_genomic.fna,SPRUCE 12
GCA_049521335,GCA_049521335.1_ASM4952133v1_genomic.fna,SPRUCE 450
GCA_050015415,GCA_050015415.1_ASM5001541v1_genomic.fna,SPRUCE 135
GCA_049513935,GCA_049513935.1_ASM4951393v1_genomic.fna,SPRUCE 607
GCF_049510915,GCF_049510915.1_ASM4951091v1_genomic.fna,SPRUCE 676
GCA_049508835,GCA_049508835.1_ASM4950883v1_genomic.fna,SPRUCE 92
GCA_050015075,GCA_050015075.1_ASM5001507v1_genomic.fna,SPRUCE 14
GCA_049521775,GCA_049521775.1_ASM4952177v1_genomic.fna,SPRUCE 43
GCA_049513715,GCA_049513715.1_ASM4951371v1_genomic.fna,SPRUCE 612
GCA_049514105,GCA_049514105.1_ASM4951410v1_genomic.fna,SPRUCE 601
GCA_050014715,GCA_050014715.1_ASM5001471v1_genomic.fna,SPRUCE 166
GCA_049514615,GCA_049514615.1_ASM4951461v1_genomic.fna,SPRUCE 590
GCA_049515675,GCA_049515675.1_ASM4951567v1_genomic.fna,SPRUCE 566
GCA_049512455,GCA_049512455.1_ASM4951245v1_genomic.fna,SPRUCE 641
GCA_049515775,GCA_049515775.1_ASM4951577v1_genomic.fna,SPRUCE 563
GCA_049519075,GCA_049519075.1_ASM4951907v1_genomic.fna,SPRUCE 502
GCA_049515895,GCA_049515895.1_ASM4951589v1_genomic.fna,SPRUCE 561
GCA_049510915,GCA_049510915.1_ASM4951091v1_genomic.fna,SPRUCE 676
GCA_049516715,GCA_049516715.1_ASM4951671v1_genomic.fna,SPRUCE 542
GCA_049522695,GCA_049522695.1_ASM4952269v1_genomic.fna,SPRUCE 41
GCA_050010595,GCA_050010595.1_ASM5001059v1_genomic.fna,SPRUCE 352
GCA_049509635,GCA_049509635.1_ASM4950963v1_genomic.fna,SPRUCE 75
GCA_049512775,GCA_049512775.1_ASM4951277v1_genomic.fna,SPRUCE 635
GCA_049512975,GCA_049512975.1_ASM4951297v1_genomic.fna,SPRUCE 62
GCA_049513595,GCA_049513595.1_ASM4951359v1_genomic.fna,SPRUCE 614
GCA_050012095,GCA_050012095.1_ASM5001209v1_genomic.fna,SPRUCE 285
GCA_050014595,GCA_050014595.1_ASM5001459v1_genomic.fna,SPRUCE 172
GCA_049517415,GCA_049517415.1_ASM4951741v1_genomic.fna,SPRUCE 525
GCA_050011935,GCA_050011935.1_ASM5001193v1_genomic.fna,SPRUCE 292
GCA_050010875,GCA_050010875.1_ASM5001087v1_genomic.fna,SPRUCE 33
GCA_049521555,GCA_049521555.1_ASM4952155v1_genomic.fna,SPRUCE 445
GCA_050010515,GCA_050010515.1_ASM5001051v1_genomic.fna,SPRUCE 357
GCA_049518435,GCA_049518435.1_ASM4951843v1_genomic.fna,SPRUCE 518
GCA_050014775,GCA_050014775.1_ASM5001477v1_genomic.fna,SPRUCE 164
GCA_050013055,GCA_050013055.1_ASM5001305v1_genomic.fna,SPRUCE 244
GCA_049513895,GCA_049513895.1_ASM4951389v1_genomic.fna,SPRUCE 606
GCA_049520215,GCA_049520215.1_ASM4952021v1_genomic.fna,SPRUCE 476
GCA_049509595,GCA_049509595.1_ASM4950959v1_genomic.fna,SPRUCE 76
GCA_049514555,GCA_049514555.1_ASM4951455v1_genomic.fna,SPRUCE 592
GCA_050010475,GCA_050010475.1_ASM5001047v1_genomic.fna,SPRUCE 358
GCF_050008455,GCF_050008455.1_ASM5000845v1_genomic.fna,SPRUCE 397
GCA_049515915,GCA_049515915.1_ASM4951591v1_genomic.fna,SPRUCE 560
GCA_050012875,GCA_050012875.1_ASM5001287v1_genomic.fna,SPRUCE 24
GCA_050015255,GCA_050015255.1_ASM5001525v1_genomic.fna,SPRUCE 142
