"","Sample","Layer","Treatment","Gravimetric.water.content.(%)","Microbial.biomass.C.[µg/g.DW]","Respiration.[ng.C/g/h]","CUE","Microbial.growth.rate.[1/d]","Microbial.turnover.time.[d]"
"S4","AP1_80-100",NA,"anoxic",156.755930291701,71.8738931472471,96.1659904264427,0.883331389072195,0.243125894810758,4.11309540178092
"S5","AP1_100-120",NA,"anoxic",151.201883753926,50,106.683372783288,0.407277938310367,0.0351866375915735,28.4198794896924
"S9","AP2_80-100",NA,"anoxic",153.195291149884,347.829266114549,80.4270919992511,0.390371734527958,0.00355353630610682,281.409816548513
"S10","AP2_100-120",NA,"anoxic",149.875838277498,233.369733278721,77.1207006339843,0.210053017311717,0.00210896153151007,474.167017775793
"S14","AP3_80-100",NA,"anoxic",149.554497313207,139.051489231487,46.4519987626647,0.773267638383122,0.0273436399338676,36.5715757821039
"S15","AP3_100-119",NA,"anoxic",152.54159967941,256.619566618178,75.0121210546751,0.672135075086311,0.014381842276199,69.5321211841498
"S19","AP4_80-99",NA,"anoxic",155.183574120764,53.1608604728362,71.8083676376217,0.124859946425839,0.00462529968731674,216.202206906106
"S20","AP4_99-120",NA,"anoxic",156.585999594936,50,59.4917655966745,0.0417677120427527,0.00124470943369475,803.400354275166
"S21","AT1_0-40","New peat","anoxic",253.92545366197,1088.17515851304,215.779478139033,0.175512450072062,0.00101308620005063,987.08283653456
"S22","AT1_63-83",NA,"anoxic",150.036869046448,50,77.7435481384859,0.770658073085553,0.125396053955206,7.97473260488099
"S23","AT1_83-103",NA,"anoxic",152.258855288169,994.832150034116,93.1959158472374,0.73076418744334,0.00610242904929147,163.869172738044
"S24","AT1_143-163",NA,"anoxic",150.934540685156,50,182.243611421933,0.0521136368092655,0.0048093751716728,207.92721804903
"S25","AT1_163-183",NA,"anoxic",151.72987241531,103.332733864349,181.147669562301,0.0377455225675265,0.00165037096741401,605.92437684899
"S26","AT2_0-40","New peat","anoxic",254.473851821704,500.791796415719,199.713162682394,0.285979446978383,0.00383340613799446,260.864610740978
"S27","AT2_43-63",NA,"anoxic",154.651377493472,321.354721533301,31.6960988239933,0.988184939741733,0.197986080769994,5.05086012163517
"S28","AT2_63-83",NA,"anoxic",153.122918481324,50,47.466291078617,0.917154618150852,0.252232351482039,3.96459849073407
"S29","AT2_123-143",NA,"anoxic",154.842767295597,170.092652096942,98.2352281447476,0.118026250463728,0.00185488034020438,539.118334657543
"S30","AT2_143-163",NA,"anoxic",155.046674970839,50,346.696635580391,0.00638845925304617,0.00106996695851185,934.608299858938
"S31","AT3_0-40","New peat","anoxic",251.980500211954,451.950064624492,104.539117163717,0.249414231966212,0.00184467780739396,542.100087067635
"S32","AT3_60-80",NA,"anoxic",153.656132967745,51.1380137527863,159.031672784193,0.0146051606612378,0.00110623416837211,903.967739010954
"S33","AT3_80-100",NA,"anoxic",152.375404605037,50,90.3230628081914,0.243059030700766,0.0139216157580635,71.8307427369409
"S34","AT3_140-160",NA,"anoxic",154.770409714761,50,101.63125637145,0.0349634774794195,0.00176741852666079,565.796943347264
"S35","AT3_160-180",NA,"anoxic",155.476288577068,131.239014063858,139.954300548528,0.415154602792216,0.018167840636317,55.0423146051286
"S36","AT5_0-40","New peat","anoxic",255.336434196442,716.109853264555,202.446316533889,0.198975571557438,0.00168537082509974,593.341230966673
"S37","AT5_50-70",NA,"anoxic",156.883061049011,65.7943535081322,97.5717806992904,0.208172169492992,0.00935704579876498,106.871337546727
"S38","AT5_70-90",NA,"anoxic",153.510597095754,50,144.714940592392,0.91198884933033,0.719791041826218,1.3892920888024
"S39","AT5_130-150",NA,"anoxic",151.036657789614,50,110.279002373521,0.087904892615752,0.00510160685635573,196.016672424331
"S40","AT5_150-170",NA,"anoxic",152.163075467583,50,116.764625240365,0.0472222541538827,0.0027778426185906,359.991596826811
